[ {
  "id" : "8644ef6d-853c-e0e5-75ad-83d4ac71ce17",
  "name" : "enable_style_tab",
  "display_width" : null,
  "label" : "Enable Style Tab",
  "required" : false,
  "locked" : false,
  "display" : "checkbox",
  "type" : "boolean",
  "default" : false
}, {
  "id" : "13c9daaa-e592-ee41-79e1-6793b6645085",
  "name" : "styles",
  "display_width" : null,
  "label" : "Styles",
  "required" : false,
  "locked" : false,
  "children" : [ {
    "id" : "99dea02d-fb15-ebbc-5007-05e08b9549ae",
    "name" : "background",
    "display_width" : null,
    "label" : "Background",
    "required" : false,
    "locked" : false,
    "children" : [ {
      "id" : "26dc4aa4-cbbb-81c5-c65b-ba4d00996646",
      "name" : "background_option",
      "display_width" : null,
      "label" : "Background Option",
      "required" : true,
      "locked" : false,
      "display" : "radio",
      "choices" : [ [ "none", "None" ], [ "solid", "Solid" ], [ "image", "Image" ] ],
      "type" : "choice",
      "default" : "none"
    }, {
      "id" : "styles.others.bg_color",
      "name" : "bg_color",
      "display_width" : null,
      "label" : "Background color",
      "required" : false,
      "locked" : false,
      "visibility" : {
        "controlling_field" : "26dc4aa4-cbbb-81c5-c65b-ba4d00996646",
        "controlling_value_regex" : "solid",
        "operator" : "MATCHES_REGEX",
        "access" : null,
        "hidden_subfields" : null
      },
      "type" : "color",
      "default" : {
        "color" : "#FFFFFF",
        "opacity" : 100
      }
    }, {
      "id" : "styles.others.bg_image",
      "name" : "bg_image",
      "display_width" : null,
      "label" : "Background image",
      "required" : false,
      "locked" : false,
      "visibility" : {
        "controlling_field" : "26dc4aa4-cbbb-81c5-c65b-ba4d00996646",
        "controlling_value_regex" : "image",
        "operator" : "MATCHES_REGEX",
        "access" : null,
        "hidden_subfields" : null
      },
      "type" : "backgroundimage",
      "default" : {
        "src" : "https://example.com/img.png",
        "background_position" : "MIDDLE_CENTER",
        "background_size" : "cover"
      }
    } ],
    "tab" : "STYLE",
    "expanded" : false,
    "type" : "group",
    "default" : {
      "background_option" : "none",
      "bg_color" : {
        "color" : "#FFFFFF",
        "opacity" : 100
      },
      "bg_image" : {
        "src" : "https://example.com/img.png",
        "background_position" : "MIDDLE_CENTER",
        "background_size" : "cover"
      }
    }
  }, {
    "id" : "ff41efbb-be01-fabe-e8c2-008644dd22d3",
    "name" : "shadow",
    "display_width" : null,
    "label" : "Shadow",
    "required" : false,
    "locked" : false,
    "children" : [ {
      "id" : "e842e3bc-08b4-ec3b-850f-3f8655afac95",
      "name" : "shadow",
      "display_width" : null,
      "label" : "Shadow",
      "required" : false,
      "locked" : false,
      "display" : "checkbox",
      "type" : "boolean",
      "default" : false
    } ],
    "tab" : "STYLE",
    "expanded" : false,
    "type" : "group",
    "default" : {
      "shadow" : false
    }
  }, {
    "id" : "9081dcd2-b9c0-a401-c608-5c9a3c632ff8",
    "name" : "border",
    "display_width" : null,
    "label" : "Border",
    "required" : false,
    "locked" : false,
    "children" : [ {
      "id" : "e68586d9-881e-705d-8b2d-d9f0fca122fd",
      "name" : "enable_border",
      "display_width" : null,
      "label" : "Enable Border",
      "required" : false,
      "locked" : false,
      "display" : "checkbox",
      "type" : "boolean",
      "default" : false
    }, {
      "id" : "styles.border",
      "name" : "border",
      "display_width" : null,
      "label" : "Border",
      "required" : false,
      "locked" : false,
      "visibility" : {
        "controlling_field" : "e68586d9-881e-705d-8b2d-d9f0fca122fd",
        "controlling_value_regex" : "true",
        "operator" : "EQUAL",
        "access" : null,
        "hidden_subfields" : null
      },
      "allow_custom_border_sides" : true,
      "type" : "border",
      "default" : {
        "right" : {
          "style" : "solid",
          "width" : {
            "value" : 1,
            "units" : "px"
          },
          "opacity" : 100,
          "color" : "#000000"
        },
        "top" : {
          "style" : "solid",
          "width" : {
            "value" : 1,
            "units" : "px"
          },
          "opacity" : 100,
          "color" : "#000000"
        },
        "bottom" : {
          "style" : "solid",
          "width" : {
            "value" : 1,
            "units" : "px"
          },
          "opacity" : 100,
          "color" : "#000000"
        },
        "left" : {
          "style" : "solid",
          "width" : {
            "value" : 1,
            "units" : "px"
          },
          "opacity" : 100,
          "color" : "#000000"
        }
      }
    } ],
    "tab" : "STYLE",
    "expanded" : false,
    "type" : "group",
    "default" : {
      "enable_border" : false,
      "border" : {
        "right" : {
          "style" : "solid",
          "width" : {
            "value" : 1,
            "units" : "px"
          },
          "opacity" : 100,
          "color" : "#000000"
        },
        "top" : {
          "style" : "solid",
          "width" : {
            "value" : 1,
            "units" : "px"
          },
          "opacity" : 100,
          "color" : "#000000"
        },
        "bottom" : {
          "style" : "solid",
          "width" : {
            "value" : 1,
            "units" : "px"
          },
          "opacity" : 100,
          "color" : "#000000"
        },
        "left" : {
          "style" : "solid",
          "width" : {
            "value" : 1,
            "units" : "px"
          },
          "opacity" : 100,
          "color" : "#000000"
        }
      }
    }
  }, {
    "id" : "66f94eac-4e67-3830-11b5-b254e186f9a6",
    "name" : "spacing",
    "display_width" : null,
    "label" : "Spacing",
    "required" : false,
    "locked" : false,
    "children" : [ {
      "id" : "styles.others.spacing",
      "name" : "spacing",
      "display_width" : null,
      "label" : "Spacing",
      "required" : false,
      "locked" : false,
      "type" : "spacing",
      "default" : {
        "padding" : {
          "top" : {
            "value" : 0,
            "units" : "rem"
          },
          "bottom" : {
            "value" : 0,
            "units" : "rem"
          },
          "left" : {
            "value" : 0,
            "units" : "rem"
          },
          "right" : {
            "value" : 0,
            "units" : "rem"
          }
        },
        "margin" : {
          "top" : {
            "value" : 0,
            "units" : "rem"
          },
          "bottom" : {
            "value" : 0,
            "units" : "rem"
          }
        }
      }
    } ],
    "tab" : "STYLE",
    "expanded" : false,
    "type" : "group",
    "default" : {
      "spacing" : {
        "padding" : {
          "top" : {
            "value" : 0,
            "units" : "rem"
          },
          "bottom" : {
            "value" : 0,
            "units" : "rem"
          },
          "left" : {
            "value" : 0,
            "units" : "rem"
          },
          "right" : {
            "value" : 0,
            "units" : "rem"
          }
        },
        "margin" : {
          "top" : {
            "value" : 0,
            "units" : "rem"
          },
          "bottom" : {
            "value" : 0,
            "units" : "rem"
          }
        }
      }
    }
  }, {
    "id" : "ed02e8c5-8158-3b9d-099e-ac765802d8e0",
    "name" : "typography",
    "display_width" : null,
    "label" : "Typography",
    "required" : false,
    "locked" : false,
    "children" : [ {
      "id" : "3e982423-e8ad-5593-a38b-07073c3b16d6",
      "name" : "text_alignment",
      "display_width" : null,
      "label" : "Text Alignment",
      "required" : false,
      "locked" : false,
      "type" : "textalignment",
      "default" : {
        "text_align" : "LEFT"
      }
    }, {
      "id" : "aa8524bf-28c5-f796-0d88-3392d8794946",
      "name" : "customize_heading_color",
      "display_width" : null,
      "label" : "Customize Heading Color",
      "required" : false,
      "locked" : false,
      "display" : "checkbox",
      "type" : "boolean",
      "default" : false
    }, {
      "id" : "615e4251-637e-1791-3a9c-1ff070a80121",
      "name" : "heading_color",
      "display_width" : null,
      "label" : "Heading Color",
      "required" : false,
      "locked" : false,
      "visibility" : {
        "controlling_field" : "aa8524bf-28c5-f796-0d88-3392d8794946",
        "controlling_value_regex" : "true",
        "operator" : "EQUAL",
        "access" : null,
        "hidden_subfields" : null
      },
      "inherited_value" : {
        "property_value_paths" : {
          "color" : "theme.colors_group.base.color"
        }
      },
      "type" : "color",
      "default" : {
        "opacity" : 100
      }
    }, {
      "id" : "ac2f33cb-f2d1-68f7-e91b-eb73454eb9ff",
      "name" : "customize_text_color",
      "display_width" : null,
      "label" : "Customize Text Color",
      "required" : false,
      "locked" : false,
      "display" : "checkbox",
      "type" : "boolean",
      "default" : false
    }, {
      "id" : "f9c51b44-24d7-8bc1-7a53-633ffa632bcb",
      "name" : "text_color",
      "display_width" : null,
      "label" : "Text Color",
      "required" : false,
      "locked" : false,
      "visibility" : {
        "controlling_field" : "ac2f33cb-f2d1-68f7-e91b-eb73454eb9ff",
        "controlling_value_regex" : "true",
        "operator" : "EQUAL",
        "access" : null,
        "hidden_subfields" : null
      },
      "inherited_value" : {
        "property_value_paths" : {
          "color" : "theme.colors_group.base.color"
        }
      },
      "type" : "color",
      "default" : {
        "opacity" : 100
      }
    } ],
    "tab" : "STYLE",
    "expanded" : false,
    "type" : "group",
    "default" : {
      "text_alignment" : {
        "text_align" : "LEFT"
      },
      "customize_heading_color" : false,
      "heading_color" : {
        "opacity" : 100
      },
      "customize_text_color" : false,
      "text_color" : {
        "opacity" : 100
      }
    }
  } ],
  "tab" : "STYLE",
  "expanded" : false,
  "type" : "group",
  "default" : {
    "background" : {
      "background_option" : "none",
      "bg_color" : {
        "color" : "#FFFFFF",
        "opacity" : 100
      },
      "bg_image" : {
        "src" : "https://example.com/img.png",
        "background_position" : "MIDDLE_CENTER",
        "background_size" : "cover"
      }
    },
    "shadow" : {
      "shadow" : false
    },
    "border" : {
      "enable_border" : false,
      "border" : {
        "right" : {
          "style" : "solid",
          "width" : {
            "value" : 1,
            "units" : "px"
          },
          "opacity" : 100,
          "color" : "#000000"
        },
        "top" : {
          "style" : "solid",
          "width" : {
            "value" : 1,
            "units" : "px"
          },
          "opacity" : 100,
          "color" : "#000000"
        },
        "bottom" : {
          "style" : "solid",
          "width" : {
            "value" : 1,
            "units" : "px"
          },
          "opacity" : 100,
          "color" : "#000000"
        },
        "left" : {
          "style" : "solid",
          "width" : {
            "value" : 1,
            "units" : "px"
          },
          "opacity" : 100,
          "color" : "#000000"
        }
      }
    },
    "spacing" : {
      "spacing" : {
        "padding" : {
          "top" : {
            "value" : 0,
            "units" : "rem"
          },
          "bottom" : {
            "value" : 0,
            "units" : "rem"
          },
          "left" : {
            "value" : 0,
            "units" : "rem"
          },
          "right" : {
            "value" : 0,
            "units" : "rem"
          }
        },
        "margin" : {
          "top" : {
            "value" : 0,
            "units" : "rem"
          },
          "bottom" : {
            "value" : 0,
            "units" : "rem"
          }
        }
      }
    },
    "typography" : {
      "text_alignment" : {
        "text_align" : "LEFT"
      },
      "customize_heading_color" : false,
      "heading_color" : {
        "opacity" : 100
      },
      "customize_text_color" : false,
      "text_color" : {
        "opacity" : 100
      }
    }
  }
}, {
  "id" : "cf1fb3ad-3793-0fb7-a560-c6586d32e6bb",
  "name" : "enable_animation",
  "display_width" : null,
  "label" : "Enable Animation",
  "required" : false,
  "locked" : false,
  "display" : "checkbox",
  "type" : "boolean",
  "default" : true
}, {
  "id" : "9b022dba-9387-774d-dcfa-68eff4af57d7",
  "name" : "animation",
  "display_width" : null,
  "label" : "Animation",
  "required" : false,
  "locked" : false,
  "visibility" : {
    "controlling_field" : "cf1fb3ad-3793-0fb7-a560-c6586d32e6bb",
    "controlling_value_regex" : "true",
    "operator" : "EQUAL",
    "access" : null,
    "hidden_subfields" : null
  },
  "display" : "select",
  "choices" : [ [ "fadeInLeft", "Fade In Left" ], [ "fadeInTop", "Fade In Top" ], [ "fadeInRight", "Fade In Right" ], [ "fadeInBottom", "Fade In Bottom" ] ],
  "type" : "choice",
  "default" : "fadeInBottom"
}, {
  "id" : "alignment",
  "name" : "alignment",
  "display_width" : null,
  "label" : "Alignment",
  "required" : true,
  "locked" : false,
  "display" : "select",
  "choices" : [ [ "left", "Left" ], [ "center", "Center" ], [ "right", "Right" ] ],
  "type" : "choice",
  "default" : "left"
}, {
  "id" : "text_white",
  "name" : "text_white",
  "display_width" : null,
  "label" : "Text White",
  "required" : false,
  "locked" : false,
  "display" : "checkbox",
  "type" : "boolean",
  "default" : false
}, {
  "id" : "aedc603e-cfe2-5f2d-217c-12c50a60a1ad",
  "name" : "layout",
  "display_width" : null,
  "label" : "Layout",
  "required" : true,
  "locked" : false,
  "display" : "select",
  "choices" : [ [ "grid", "Grid" ], [ "slider", "Slider" ] ],
  "type" : "choice",
  "default" : "grid"
}, {
  "id" : "f786201f-42c6-b038-47c0-2b4e18bb60d2",
  "name" : "items_per_row",
  "display_width" : null,
  "label" : "Items per Row",
  "required" : true,
  "locked" : false,
  "display" : "text",
  "min" : 1,
  "max" : 3,
  "step" : 1,
  "type" : "number",
  "default" : 1
}, {
  "id" : "96630a3a-eda4-0832-57a6-a0172d4998c6",
  "name" : "slider_settings",
  "display_width" : null,
  "label" : "Slider Settings",
  "required" : false,
  "locked" : false,
  "visibility" : {
    "controlling_field" : "aedc603e-cfe2-5f2d-217c-12c50a60a1ad",
    "controlling_value_regex" : "slider",
    "operator" : "EQUAL",
    "access" : null,
    "hidden_subfields" : null
  },
  "children" : [ {
    "id" : "fd483ca9-acba-24ed-7c4e-16aac9ba026d",
    "name" : "infinite",
    "display_width" : null,
    "label" : "Infinite",
    "required" : false,
    "locked" : false,
    "display" : "checkbox",
    "type" : "boolean",
    "default" : true
  }, {
    "id" : "75ea145c-3aa1-8d18-08f2-25bff0e62547",
    "name" : "autoplay",
    "display_width" : null,
    "label" : "Autoplay",
    "required" : false,
    "locked" : false,
    "display" : "checkbox",
    "type" : "boolean",
    "default" : true
  }, {
    "id" : "980b5a2a-bb11-bc8c-0194-0d7501e057d9",
    "name" : "autoplay_speed",
    "display_width" : null,
    "label" : "Autoplay Speed",
    "required" : false,
    "locked" : false,
    "display" : "text",
    "min" : 100,
    "max" : 15000,
    "step" : 100,
    "type" : "number",
    "default" : 5000
  }, {
    "id" : "b51845ad-60da-e5b8-040d-fea335ab3916",
    "name" : "dots",
    "display_width" : null,
    "label" : "Dots",
    "required" : false,
    "locked" : false,
    "display" : "checkbox",
    "type" : "boolean",
    "default" : true
  }, {
    "id" : "6d3018de-be26-a93f-adb0-6762e075d9b6",
    "name" : "arrows",
    "display_width" : null,
    "label" : "Arrows",
    "required" : false,
    "locked" : false,
    "display" : "checkbox",
    "type" : "boolean",
    "default" : true
  }, {
    "id" : "1537e235-fcd6-2621-150c-528dc3839596",
    "name" : "fade",
    "display_width" : null,
    "label" : "Fade",
    "required" : false,
    "locked" : false,
    "display" : "checkbox",
    "type" : "boolean",
    "default" : true
  } ],
  "tab" : "CONTENT",
  "expanded" : false,
  "type" : "group",
  "default" : {
    "infinite" : true,
    "autoplay" : true,
    "autoplay_speed" : 5000,
    "dots" : true,
    "arrows" : true,
    "fade" : true
  }
}, {
  "id" : "48944d8d-c54f-0243-56aa-9b5995941eff",
  "name" : "team_repeater",
  "display_width" : null,
  "label" : "Team Repeater",
  "required" : false,
  "locked" : false,
  "occurrence" : {
    "min" : null,
    "max" : null,
    "sorting_label_field" : "d8761a11-39aa-cc52-6513-121187faedb2",
    "default" : 3
  },
  "children" : [ {
    "id" : "55d5b047-7bab-b47b-4a09-d717bf6b8e7f",
    "name" : "portrait",
    "display_width" : null,
    "label" : "Portrait",
    "required" : false,
    "locked" : false,
    "responsive" : true,
    "resizable" : true,
    "show_loading" : false,
    "type" : "image",
    "default" : {
      "size_type" : "auto",
      "src" : "https://cdn2.hubspot.net/hubfs/2333817/GiantFocal_Marketplace/Atomic/images/team-0{{loop.index}}.jpg",
      "alt" : "atomic-team",
      "width" : 720,
      "height" : 900,
      "max_width" : 720,
      "max_height" : 900
    }
  }, {
    "id" : "d8761a11-39aa-cc52-6513-121187faedb2",
    "name" : "person_name",
    "display_width" : null,
    "label" : "Name",
    "required" : false,
    "locked" : false,
    "validation_regex" : "",
    "allow_new_line" : false,
    "show_emoji_picker" : false,
    "type" : "text",
    "default" : "Atomic Team"
  }, {
    "id" : "27225ed4-1d8d-4821-f8d7-8e67a860a226",
    "name" : "job_title",
    "display_width" : null,
    "label" : "Job Title",
    "required" : false,
    "locked" : false,
    "validation_regex" : "",
    "allow_new_line" : false,
    "show_emoji_picker" : false,
    "type" : "text",
    "default" : "Job Title"
  }, {
    "id" : "a025c310-a53a-e195-0dc2-6a298acc2016",
    "name" : "bio",
    "display_width" : null,
    "label" : "Bio",
    "required" : false,
    "locked" : false,
    "validation_regex" : "",
    "allow_new_line" : false,
    "show_emoji_picker" : false,
    "type" : "text",
    "default" : "Aliquam eu purus nec lacus vehicula accumsan et efficitur tortor. Aliquam sagittis, tortor et volutpat vestibulum, risus lectus vehicula diam, at sollicitudin libero nisl vitae purus."
  }, {
    "id" : "afd9ec71-9190-c67b-2e46-f372404a0b38",
    "name" : "social_links",
    "display_width" : null,
    "label" : "Social Links",
    "required" : false,
    "locked" : false,
    "occurrence" : {
      "min" : null,
      "max" : null,
      "sorting_label_field" : "1e1037be-57ee-d4e8-9caa-c5a1459a0d73",
      "default" : 3
    },
    "children" : [ {
      "id" : "aabdb65b-d96e-5e46-8e81-3a5d0e9d70ea",
      "name" : "icon",
      "display_width" : null,
      "label" : "Icon",
      "required" : false,
      "locked" : false,
      "icon_set" : "fontawesome-5.0.10",
      "type" : "icon",
      "default" : {
        "name" : "twitter",
        "unicode" : "f099",
        "type" : "REGULAR"
      }
    }, {
      "id" : "1e1037be-57ee-d4e8-9caa-c5a1459a0d73",
      "name" : "url",
      "display_width" : null,
      "label" : "URL",
      "required" : false,
      "locked" : false,
      "supported_types" : [ "EXTERNAL", "CONTENT", "FILE", "EMAIL_ADDRESS", "BLOG" ],
      "type" : "url",
      "default" : {
        "type" : "EXTERNAL",
        "href" : "https://www.giantfocal.com",
        "content_id" : null
      }
    } ],
    "tab" : "CONTENT",
    "expanded" : false,
    "type" : "group",
    "default" : [ {
      "icon" : {
        "name" : "twitter",
        "unicode" : "f099",
        "type" : "REGULAR"
      },
      "url" : {
        "type" : "EXTERNAL",
        "href" : "https://www.giantfocal.com",
        "content_id" : null
      }
    }, {
      "icon" : {
        "name" : "twitter",
        "unicode" : "f099",
        "type" : "REGULAR"
      },
      "url" : {
        "type" : "EXTERNAL",
        "href" : "https://www.giantfocal.com",
        "content_id" : null
      }
    }, {
      "icon" : {
        "name" : "twitter",
        "unicode" : "f099",
        "type" : "REGULAR"
      },
      "url" : {
        "type" : "EXTERNAL",
        "href" : "https://www.giantfocal.com",
        "content_id" : null
      }
    } ]
  } ],
  "tab" : "CONTENT",
  "expanded" : false,
  "type" : "group",
  "default" : [ {
    "portrait" : {
      "size_type" : "auto",
      "src" : "https://cdn2.hubspot.net/hubfs/2333817/GiantFocal_Marketplace/Atomic/images/team-0{{loop.index}}.jpg",
      "alt" : "atomic-team",
      "width" : 720,
      "height" : 900,
      "max_width" : 720,
      "max_height" : 900
    },
    "person_name" : "Atomic Team",
    "job_title" : "Job Title",
    "bio" : "Aliquam eu purus nec lacus vehicula accumsan et efficitur tortor. Aliquam sagittis, tortor et volutpat vestibulum, risus lectus vehicula diam, at sollicitudin libero nisl vitae purus.",
    "social_links" : [ {
      "icon" : {
        "name" : "twitter",
        "unicode" : "f099",
        "type" : "REGULAR"
      },
      "url" : {
        "type" : "EXTERNAL",
        "href" : "https://www.giantfocal.com",
        "content_id" : null
      }
    }, {
      "icon" : {
        "name" : "twitter",
        "unicode" : "f099",
        "type" : "REGULAR"
      },
      "url" : {
        "type" : "EXTERNAL",
        "href" : "https://www.giantfocal.com",
        "content_id" : null
      }
    }, {
      "icon" : {
        "name" : "twitter",
        "unicode" : "f099",
        "type" : "REGULAR"
      },
      "url" : {
        "type" : "EXTERNAL",
        "href" : "https://www.giantfocal.com",
        "content_id" : null
      }
    } ]
  }, {
    "portrait" : {
      "size_type" : "auto",
      "src" : "https://cdn2.hubspot.net/hubfs/2333817/GiantFocal_Marketplace/Atomic/images/team-0{{loop.index}}.jpg",
      "alt" : "atomic-team",
      "width" : 720,
      "height" : 900,
      "max_width" : 720,
      "max_height" : 900
    },
    "person_name" : "Atomic Team",
    "job_title" : "Job Title",
    "bio" : "Aliquam eu purus nec lacus vehicula accumsan et efficitur tortor. Aliquam sagittis, tortor et volutpat vestibulum, risus lectus vehicula diam, at sollicitudin libero nisl vitae purus.",
    "social_links" : [ {
      "icon" : {
        "name" : "twitter",
        "unicode" : "f099",
        "type" : "REGULAR"
      },
      "url" : {
        "type" : "EXTERNAL",
        "href" : "https://www.giantfocal.com",
        "content_id" : null
      }
    }, {
      "icon" : {
        "name" : "twitter",
        "unicode" : "f099",
        "type" : "REGULAR"
      },
      "url" : {
        "type" : "EXTERNAL",
        "href" : "https://www.giantfocal.com",
        "content_id" : null
      }
    }, {
      "icon" : {
        "name" : "twitter",
        "unicode" : "f099",
        "type" : "REGULAR"
      },
      "url" : {
        "type" : "EXTERNAL",
        "href" : "https://www.giantfocal.com",
        "content_id" : null
      }
    } ]
  }, {
    "portrait" : {
      "size_type" : "auto",
      "src" : "https://cdn2.hubspot.net/hubfs/2333817/GiantFocal_Marketplace/Atomic/images/team-0{{loop.index}}.jpg",
      "alt" : "atomic-team",
      "width" : 720,
      "height" : 900,
      "max_width" : 720,
      "max_height" : 900
    },
    "person_name" : "Atomic Team",
    "job_title" : "Job Title",
    "bio" : "Aliquam eu purus nec lacus vehicula accumsan et efficitur tortor. Aliquam sagittis, tortor et volutpat vestibulum, risus lectus vehicula diam, at sollicitudin libero nisl vitae purus.",
    "social_links" : [ {
      "icon" : {
        "name" : "twitter",
        "unicode" : "f099",
        "type" : "REGULAR"
      },
      "url" : {
        "type" : "EXTERNAL",
        "href" : "https://www.giantfocal.com",
        "content_id" : null
      }
    }, {
      "icon" : {
        "name" : "twitter",
        "unicode" : "f099",
        "type" : "REGULAR"
      },
      "url" : {
        "type" : "EXTERNAL",
        "href" : "https://www.giantfocal.com",
        "content_id" : null
      }
    }, {
      "icon" : {
        "name" : "twitter",
        "unicode" : "f099",
        "type" : "REGULAR"
      },
      "url" : {
        "type" : "EXTERNAL",
        "href" : "https://www.giantfocal.com",
        "content_id" : null
      }
    } ]
  } ]
}, {
  "id" : "e763c950-c40a-36e3-82b3-22b149e5ee1b",
  "name" : "custom_id",
  "display_width" : null,
  "label" : "Custom ID",
  "required" : false,
  "locked" : false,
  "validation_regex" : "",
  "allow_new_line" : false,
  "show_emoji_picker" : false,
  "type" : "text"
}, {
  "id" : "custom_class",
  "name" : "custom_class",
  "display_width" : null,
  "label" : "Custom Class",
  "required" : false,
  "locked" : false,
  "validation_regex" : "",
  "allow_new_line" : false,
  "show_emoji_picker" : false,
  "type" : "text"
} ]