[ {
  "id" : "8644ef6d-853c-e0e5-75ad-83d4ac71ce17",
  "name" : "enable_style_tab",
  "display_width" : null,
  "label" : "Enable Style Tab",
  "required" : false,
  "locked" : false,
  "display" : "checkbox",
  "type" : "boolean",
  "default" : false
}, {
  "id" : "13c9daaa-e592-ee41-79e1-6793b6645085",
  "name" : "styles",
  "display_width" : null,
  "label" : "Styles",
  "required" : false,
  "locked" : false,
  "children" : [ {
    "id" : "99dea02d-fb15-ebbc-5007-05e08b9549ae",
    "name" : "background",
    "display_width" : null,
    "label" : "Background",
    "required" : false,
    "locked" : false,
    "children" : [ {
      "id" : "26dc4aa4-cbbb-81c5-c65b-ba4d00996646",
      "name" : "background_option",
      "display_width" : null,
      "label" : "Background Option",
      "required" : true,
      "locked" : false,
      "display" : "radio",
      "choices" : [ [ "none", "None" ], [ "solid", "Solid" ], [ "image", "Image" ] ],
      "type" : "choice",
      "default" : "none"
    }, {
      "id" : "styles.others.bg_color",
      "name" : "bg_color",
      "display_width" : null,
      "label" : "Background color",
      "required" : false,
      "locked" : false,
      "visibility" : {
        "controlling_field" : "26dc4aa4-cbbb-81c5-c65b-ba4d00996646",
        "controlling_value_regex" : "solid",
        "operator" : "MATCHES_REGEX",
        "access" : null,
        "hidden_subfields" : null
      },
      "type" : "color",
      "default" : {
        "color" : "#FFFFFF",
        "opacity" : 100
      }
    }, {
      "id" : "styles.others.bg_image",
      "name" : "bg_image",
      "display_width" : null,
      "label" : "Background image",
      "required" : false,
      "locked" : false,
      "visibility" : {
        "controlling_field" : "26dc4aa4-cbbb-81c5-c65b-ba4d00996646",
        "controlling_value_regex" : "image",
        "operator" : "MATCHES_REGEX",
        "access" : null,
        "hidden_subfields" : null
      },
      "type" : "backgroundimage",
      "default" : {
        "src" : "https://example.com/img.png",
        "background_position" : "MIDDLE_CENTER",
        "background_size" : "cover"
      }
    } ],
    "tab" : "STYLE",
    "expanded" : false,
    "type" : "group",
    "default" : {
      "background_option" : "none",
      "bg_color" : {
        "color" : "#FFFFFF",
        "opacity" : 100
      },
      "bg_image" : {
        "src" : "https://example.com/img.png",
        "background_position" : "MIDDLE_CENTER",
        "background_size" : "cover"
      }
    }
  }, {
    "id" : "ff41efbb-be01-fabe-e8c2-008644dd22d3",
    "name" : "shadow",
    "display_width" : null,
    "label" : "Shadow",
    "required" : false,
    "locked" : false,
    "children" : [ {
      "id" : "e842e3bc-08b4-ec3b-850f-3f8655afac95",
      "name" : "shadow",
      "display_width" : null,
      "label" : "Shadow",
      "required" : false,
      "locked" : false,
      "display" : "checkbox",
      "type" : "boolean",
      "default" : false
    } ],
    "tab" : "STYLE",
    "expanded" : false,
    "type" : "group",
    "default" : {
      "shadow" : false
    }
  }, {
    "id" : "9081dcd2-b9c0-a401-c608-5c9a3c632ff8",
    "name" : "border",
    "display_width" : null,
    "label" : "Border",
    "required" : false,
    "locked" : false,
    "children" : [ {
      "id" : "e68586d9-881e-705d-8b2d-d9f0fca122fd",
      "name" : "enable_border",
      "display_width" : null,
      "label" : "Enable Border",
      "required" : false,
      "locked" : false,
      "display" : "checkbox",
      "type" : "boolean",
      "default" : false
    }, {
      "id" : "styles.border",
      "name" : "border",
      "display_width" : null,
      "label" : "Border",
      "required" : false,
      "locked" : false,
      "visibility" : {
        "controlling_field" : "e68586d9-881e-705d-8b2d-d9f0fca122fd",
        "controlling_value_regex" : "true",
        "operator" : "EQUAL",
        "access" : null,
        "hidden_subfields" : null
      },
      "allow_custom_border_sides" : true,
      "type" : "border",
      "default" : {
        "right" : {
          "style" : "solid",
          "width" : {
            "value" : 1,
            "units" : "px"
          },
          "opacity" : 100,
          "color" : "#000000"
        },
        "top" : {
          "style" : "solid",
          "width" : {
            "value" : 1,
            "units" : "px"
          },
          "opacity" : 100,
          "color" : "#000000"
        },
        "bottom" : {
          "style" : "solid",
          "width" : {
            "value" : 1,
            "units" : "px"
          },
          "opacity" : 100,
          "color" : "#000000"
        },
        "left" : {
          "style" : "solid",
          "width" : {
            "value" : 1,
            "units" : "px"
          },
          "opacity" : 100,
          "color" : "#000000"
        }
      }
    } ],
    "tab" : "STYLE",
    "expanded" : false,
    "type" : "group",
    "default" : {
      "enable_border" : false,
      "border" : {
        "right" : {
          "style" : "solid",
          "width" : {
            "value" : 1,
            "units" : "px"
          },
          "opacity" : 100,
          "color" : "#000000"
        },
        "top" : {
          "style" : "solid",
          "width" : {
            "value" : 1,
            "units" : "px"
          },
          "opacity" : 100,
          "color" : "#000000"
        },
        "bottom" : {
          "style" : "solid",
          "width" : {
            "value" : 1,
            "units" : "px"
          },
          "opacity" : 100,
          "color" : "#000000"
        },
        "left" : {
          "style" : "solid",
          "width" : {
            "value" : 1,
            "units" : "px"
          },
          "opacity" : 100,
          "color" : "#000000"
        }
      }
    }
  }, {
    "id" : "66f94eac-4e67-3830-11b5-b254e186f9a6",
    "name" : "spacing",
    "display_width" : null,
    "label" : "Spacing",
    "required" : false,
    "locked" : false,
    "children" : [ {
      "id" : "styles.others.spacing",
      "name" : "spacing",
      "display_width" : null,
      "label" : "Spacing",
      "required" : false,
      "locked" : false,
      "type" : "spacing",
      "default" : {
        "padding" : {
          "top" : {
            "value" : 0,
            "units" : "rem"
          },
          "bottom" : {
            "value" : 0,
            "units" : "rem"
          },
          "left" : {
            "value" : 0,
            "units" : "rem"
          },
          "right" : {
            "value" : 0,
            "units" : "rem"
          }
        },
        "margin" : {
          "top" : {
            "value" : 0,
            "units" : "rem"
          },
          "bottom" : {
            "value" : 0,
            "units" : "rem"
          }
        }
      }
    } ],
    "tab" : "STYLE",
    "expanded" : false,
    "type" : "group",
    "default" : {
      "spacing" : {
        "padding" : {
          "top" : {
            "value" : 0,
            "units" : "rem"
          },
          "bottom" : {
            "value" : 0,
            "units" : "rem"
          },
          "left" : {
            "value" : 0,
            "units" : "rem"
          },
          "right" : {
            "value" : 0,
            "units" : "rem"
          }
        },
        "margin" : {
          "top" : {
            "value" : 0,
            "units" : "rem"
          },
          "bottom" : {
            "value" : 0,
            "units" : "rem"
          }
        }
      }
    }
  }, {
    "id" : "ed02e8c5-8158-3b9d-099e-ac765802d8e0",
    "name" : "typography",
    "display_width" : null,
    "label" : "Typography",
    "required" : false,
    "locked" : false,
    "children" : [ {
      "id" : "3e982423-e8ad-5593-a38b-07073c3b16d6",
      "name" : "text_alignment",
      "display_width" : null,
      "label" : "Text Alignment",
      "required" : false,
      "locked" : false,
      "type" : "textalignment",
      "default" : {
        "text_align" : "LEFT"
      }
    }, {
      "id" : "ac2f33cb-f2d1-68f7-e91b-eb73454eb9ff",
      "name" : "customize_text_color",
      "display_width" : null,
      "label" : "Customize Text Color",
      "required" : false,
      "locked" : false,
      "display" : "checkbox",
      "type" : "boolean",
      "default" : false
    }, {
      "id" : "f9c51b44-24d7-8bc1-7a53-633ffa632bcb",
      "name" : "text_color",
      "display_width" : null,
      "label" : "Text Color",
      "required" : false,
      "locked" : false,
      "visibility" : {
        "controlling_field" : "ac2f33cb-f2d1-68f7-e91b-eb73454eb9ff",
        "controlling_value_regex" : "true",
        "operator" : "EQUAL",
        "access" : null,
        "hidden_subfields" : null
      },
      "inherited_value" : {
        "property_value_paths" : {
          "color" : "theme.colors_group.base.color"
        }
      },
      "type" : "color",
      "default" : {
        "opacity" : 100
      }
    } ],
    "tab" : "STYLE",
    "expanded" : false,
    "type" : "group",
    "default" : {
      "text_alignment" : {
        "text_align" : "LEFT"
      },
      "customize_text_color" : false,
      "text_color" : {
        "opacity" : 100
      }
    }
  } ],
  "tab" : "STYLE",
  "expanded" : false,
  "type" : "group",
  "default" : {
    "background" : {
      "background_option" : "none",
      "bg_color" : {
        "color" : "#FFFFFF",
        "opacity" : 100
      },
      "bg_image" : {
        "src" : "https://example.com/img.png",
        "background_position" : "MIDDLE_CENTER",
        "background_size" : "cover"
      }
    },
    "shadow" : {
      "shadow" : false
    },
    "border" : {
      "enable_border" : false,
      "border" : {
        "right" : {
          "style" : "solid",
          "width" : {
            "value" : 1,
            "units" : "px"
          },
          "opacity" : 100,
          "color" : "#000000"
        },
        "top" : {
          "style" : "solid",
          "width" : {
            "value" : 1,
            "units" : "px"
          },
          "opacity" : 100,
          "color" : "#000000"
        },
        "bottom" : {
          "style" : "solid",
          "width" : {
            "value" : 1,
            "units" : "px"
          },
          "opacity" : 100,
          "color" : "#000000"
        },
        "left" : {
          "style" : "solid",
          "width" : {
            "value" : 1,
            "units" : "px"
          },
          "opacity" : 100,
          "color" : "#000000"
        }
      }
    },
    "spacing" : {
      "spacing" : {
        "padding" : {
          "top" : {
            "value" : 0,
            "units" : "rem"
          },
          "bottom" : {
            "value" : 0,
            "units" : "rem"
          },
          "left" : {
            "value" : 0,
            "units" : "rem"
          },
          "right" : {
            "value" : 0,
            "units" : "rem"
          }
        },
        "margin" : {
          "top" : {
            "value" : 0,
            "units" : "rem"
          },
          "bottom" : {
            "value" : 0,
            "units" : "rem"
          }
        }
      }
    },
    "typography" : {
      "text_alignment" : {
        "text_align" : "LEFT"
      },
      "customize_text_color" : false,
      "text_color" : {
        "opacity" : 100
      }
    }
  }
}, {
  "id" : "2bf733c1-5c9a-881e-06b5-4b21d53e3fbc",
  "name" : "enable_animation",
  "display_width" : null,
  "label" : "Enable Animation",
  "required" : false,
  "locked" : false,
  "display" : "checkbox",
  "type" : "boolean",
  "default" : true
}, {
  "id" : "1962fd47-7d6e-ef3b-3808-e9a002dc0604",
  "name" : "animation",
  "display_width" : null,
  "label" : "Animation",
  "required" : false,
  "locked" : false,
  "visibility" : {
    "controlling_field" : "2bf733c1-5c9a-881e-06b5-4b21d53e3fbc",
    "controlling_value_regex" : "true",
    "operator" : "EQUAL",
    "access" : null,
    "hidden_subfields" : null
  },
  "display" : "select",
  "choices" : [ [ "fadeInLeft", "Fade In Left" ], [ "fadeInTop", "Fade In Top" ], [ "fadeInRight", "Fade In Right" ], [ "fadeInBottom", "Fade In Bottom" ] ],
  "type" : "choice",
  "default" : "fadeInBottom"
}, {
  "id" : "alignment",
  "name" : "alignment",
  "display_width" : null,
  "label" : "Alignment",
  "required" : true,
  "locked" : false,
  "display" : "select",
  "choices" : [ [ "left", "Left" ], [ "center", "Center" ], [ "right", "Right" ] ],
  "type" : "choice",
  "default" : "left"
}, {
  "id" : "4a78c8e2-9b35-655d-ea54-607db14f211e",
  "name" : "direction",
  "display_width" : null,
  "label" : "Direction",
  "required" : false,
  "locked" : false,
  "display" : "select",
  "choices" : [ [ "row", "Horizontal" ], [ "col", "Vertical" ] ],
  "type" : "choice",
  "default" : "row"
}, {
  "id" : "bd6b9cc2-30be-e574-3fa4-35f235ee0498",
  "name" : "link_option",
  "display_width" : null,
  "label" : "Link Option",
  "required" : false,
  "locked" : false,
  "display" : "select",
  "choices" : [ [ "links", "Custom URL" ], [ "share", "Share Current Page" ] ],
  "type" : "choice",
  "default" : "share"
}, {
  "id" : "b9223e55-9f46-86a1-700f-3086e4fe54a3",
  "name" : "background_color",
  "display_width" : null,
  "label" : "Background Color",
  "required" : false,
  "locked" : false,
  "display" : "select",
  "choices" : [ [ "primary", "Primary" ], [ "secondary", "Secondary" ], [ "warning", "Warning" ], [ "danger", "Danger" ], [ "success", "Success" ], [ "dark", "Dark" ], [ "white", "White" ], [ "gray", "Gray" ], [ "lightgray", "Light Gray" ], [ "light", "Light" ] ],
  "type" : "choice",
  "default" : "primary"
}, {
  "id" : "4b49d414-5b43-f3de-c99f-e105a4b92a31",
  "name" : "color_white",
  "display_width" : null,
  "label" : "Color White",
  "required" : false,
  "locked" : false,
  "display" : "checkbox",
  "type" : "boolean",
  "default" : false
}, {
  "id" : "7cc28d15-96dd-1320-b545-7601a0a7e7ea",
  "name" : "brand_colors",
  "display_width" : null,
  "label" : "Use Social Brand Colors",
  "required" : false,
  "locked" : false,
  "visibility" : {
    "controlling_field" : "bd6b9cc2-30be-e574-3fa4-35f235ee0498",
    "controlling_value_regex" : "share",
    "operator" : "EQUAL",
    "access" : null,
    "hidden_subfields" : null
  },
  "display" : "checkbox",
  "type" : "boolean",
  "default" : false
}, {
  "id" : "a0caf889-3d93-f237-fe2c-bf1cc87c57de",
  "name" : "social_links",
  "display_width" : null,
  "label" : "Social links",
  "required" : false,
  "locked" : false,
  "occurrence" : {
    "min" : null,
    "max" : null,
    "sorting_label_field" : "b8130810-5398-7111-cdf4-09966f3b1afb",
    "default" : 5
  },
  "visibility" : {
    "controlling_field" : "bd6b9cc2-30be-e574-3fa4-35f235ee0498",
    "controlling_value_regex" : "links",
    "operator" : "EQUAL",
    "access" : null,
    "hidden_subfields" : null
  },
  "children" : [ {
    "id" : "b8130810-5398-7111-cdf4-09966f3b1afb",
    "name" : "icon",
    "display_width" : null,
    "label" : "Icon",
    "required" : false,
    "locked" : false,
    "icon_set" : "fontawesome-5.0.10",
    "type" : "icon",
    "default" : {
      "name" : "twitter",
      "unicode" : "f099",
      "type" : "REGULAR"
    }
  }, {
    "id" : "476bd7c4-c21d-a0ae-cef1-81bb9e7b3773",
    "name" : "url",
    "display_width" : null,
    "label" : "URL",
    "required" : false,
    "locked" : false,
    "supported_types" : [ "EXTERNAL", "CONTENT", "FILE", "EMAIL_ADDRESS", "BLOG" ],
    "type" : "url",
    "default" : {
      "type" : "EXTERNAL",
      "href" : "https://www.giantfocal.com",
      "content_id" : null
    }
  } ],
  "tab" : "CONTENT",
  "expanded" : false,
  "type" : "group",
  "default" : [ {
    "icon" : {
      "name" : "twitter",
      "unicode" : "f099",
      "type" : "REGULAR"
    },
    "url" : {
      "type" : "EXTERNAL",
      "href" : "https://www.giantfocal.com",
      "content_id" : null
    }
  }, {
    "icon" : {
      "name" : "twitter",
      "unicode" : "f099",
      "type" : "REGULAR"
    },
    "url" : {
      "type" : "EXTERNAL",
      "href" : "https://www.giantfocal.com",
      "content_id" : null
    }
  }, {
    "icon" : {
      "name" : "twitter",
      "unicode" : "f099",
      "type" : "REGULAR"
    },
    "url" : {
      "type" : "EXTERNAL",
      "href" : "https://www.giantfocal.com",
      "content_id" : null
    }
  }, {
    "icon" : {
      "name" : "twitter",
      "unicode" : "f099",
      "type" : "REGULAR"
    },
    "url" : {
      "type" : "EXTERNAL",
      "href" : "https://www.giantfocal.com",
      "content_id" : null
    }
  }, {
    "icon" : {
      "name" : "twitter",
      "unicode" : "f099",
      "type" : "REGULAR"
    },
    "url" : {
      "type" : "EXTERNAL",
      "href" : "https://www.giantfocal.com",
      "content_id" : null
    }
  } ]
}, {
  "id" : "425c79a0-03e1-9585-683d-4a193cd5086d",
  "name" : "share",
  "display_width" : null,
  "label" : "Social Share",
  "required" : false,
  "locked" : false,
  "visibility" : {
    "controlling_field" : "bd6b9cc2-30be-e574-3fa4-35f235ee0498",
    "controlling_value_regex" : "share",
    "operator" : "EQUAL",
    "access" : null,
    "hidden_subfields" : null
  },
  "children" : [ {
    "id" : "2107eeaf-4083-6c8e-0882-8927f79f2ca2",
    "name" : "facebook",
    "display_width" : null,
    "label" : "Facebook",
    "required" : false,
    "locked" : false,
    "display" : "checkbox",
    "type" : "boolean",
    "default" : true
  }, {
    "id" : "78451c41-83bf-6b96-7be0-a685e20ae25a",
    "name" : "twitter",
    "display_width" : null,
    "label" : "Twitter",
    "required" : false,
    "locked" : false,
    "display" : "checkbox",
    "type" : "boolean",
    "default" : true
  }, {
    "id" : "a2812d5b-38b2-9d1d-c112-841fa33186ba",
    "name" : "pinterest",
    "display_width" : null,
    "label" : "Pinterest",
    "required" : false,
    "locked" : false,
    "display" : "checkbox",
    "type" : "boolean",
    "default" : true
  }, {
    "id" : "64b1e07f-b550-c6f2-504b-94c7999973b6",
    "name" : "linkedin",
    "display_width" : null,
    "label" : "LinkedIn",
    "required" : false,
    "locked" : false,
    "display" : "checkbox",
    "type" : "boolean",
    "default" : true
  } ],
  "tab" : "CONTENT",
  "expanded" : false,
  "type" : "group",
  "default" : {
    "facebook" : true,
    "twitter" : true,
    "pinterest" : true,
    "linkedin" : true
  }
}, {
  "id" : "custom_id",
  "name" : "custom_id",
  "display_width" : null,
  "label" : "Custom ID",
  "required" : false,
  "locked" : false,
  "validation_regex" : "",
  "allow_new_line" : false,
  "show_emoji_picker" : false,
  "type" : "text"
}, {
  "id" : "custom_class",
  "name" : "custom_class",
  "display_width" : null,
  "label" : "Custom Class",
  "required" : false,
  "locked" : false,
  "validation_regex" : "",
  "allow_new_line" : false,
  "show_emoji_picker" : false,
  "type" : "text"
} ]