[ {
  "id" : "8644ef6d-853c-e0e5-75ad-83d4ac71ce17",
  "name" : "enable_style_tab",
  "display_width" : null,
  "label" : "Enable Style Tab",
  "required" : false,
  "locked" : false,
  "display" : "checkbox",
  "type" : "boolean",
  "default" : false
}, {
  "id" : "13c9daaa-e592-ee41-79e1-6793b6645085",
  "name" : "styles",
  "display_width" : null,
  "label" : "Styles",
  "required" : false,
  "locked" : false,
  "children" : [ {
    "id" : "99dea02d-fb15-ebbc-5007-05e08b9549ae",
    "name" : "background",
    "display_width" : null,
    "label" : "Background",
    "required" : false,
    "locked" : false,
    "children" : [ {
      "id" : "26dc4aa4-cbbb-81c5-c65b-ba4d00996646",
      "name" : "background_option",
      "display_width" : null,
      "label" : "Background Option",
      "required" : true,
      "locked" : false,
      "display" : "radio",
      "choices" : [ [ "none", "None" ], [ "solid", "Solid" ], [ "image", "Image" ] ],
      "type" : "choice",
      "default" : "none"
    }, {
      "id" : "styles.others.bg_color",
      "name" : "bg_color",
      "display_width" : null,
      "label" : "Background color",
      "required" : false,
      "locked" : false,
      "visibility" : {
        "controlling_field" : "26dc4aa4-cbbb-81c5-c65b-ba4d00996646",
        "controlling_value_regex" : "solid",
        "operator" : "MATCHES_REGEX",
        "access" : null,
        "hidden_subfields" : null
      },
      "type" : "color",
      "default" : {
        "color" : "#FFFFFF",
        "opacity" : 100
      }
    }, {
      "id" : "styles.others.bg_image",
      "name" : "bg_image",
      "display_width" : null,
      "label" : "Background image",
      "required" : false,
      "locked" : false,
      "visibility" : {
        "controlling_field" : "26dc4aa4-cbbb-81c5-c65b-ba4d00996646",
        "controlling_value_regex" : "image",
        "operator" : "MATCHES_REGEX",
        "access" : null,
        "hidden_subfields" : null
      },
      "type" : "backgroundimage",
      "default" : {
        "src" : "https://example.com/img.png",
        "background_position" : "MIDDLE_CENTER",
        "background_size" : "cover"
      }
    } ],
    "tab" : "STYLE",
    "expanded" : false,
    "type" : "group",
    "default" : {
      "background_option" : "none",
      "bg_color" : {
        "color" : "#FFFFFF",
        "opacity" : 100
      },
      "bg_image" : {
        "src" : "https://example.com/img.png",
        "background_position" : "MIDDLE_CENTER",
        "background_size" : "cover"
      }
    }
  }, {
    "id" : "ff41efbb-be01-fabe-e8c2-008644dd22d3",
    "name" : "shadow",
    "display_width" : null,
    "label" : "Shadow",
    "required" : false,
    "locked" : false,
    "children" : [ {
      "id" : "e842e3bc-08b4-ec3b-850f-3f8655afac95",
      "name" : "shadow",
      "display_width" : null,
      "label" : "Shadow",
      "required" : false,
      "locked" : false,
      "display" : "checkbox",
      "type" : "boolean",
      "default" : false
    } ],
    "tab" : "STYLE",
    "expanded" : false,
    "type" : "group",
    "default" : {
      "shadow" : false
    }
  }, {
    "id" : "9081dcd2-b9c0-a401-c608-5c9a3c632ff8",
    "name" : "border",
    "display_width" : null,
    "label" : "Border",
    "required" : false,
    "locked" : false,
    "children" : [ {
      "id" : "e68586d9-881e-705d-8b2d-d9f0fca122fd",
      "name" : "enable_border",
      "display_width" : null,
      "label" : "Enable Border",
      "required" : false,
      "locked" : false,
      "display" : "checkbox",
      "type" : "boolean",
      "default" : false
    }, {
      "id" : "styles.border",
      "name" : "border",
      "display_width" : null,
      "label" : "Border",
      "required" : false,
      "locked" : false,
      "visibility" : {
        "controlling_field" : "e68586d9-881e-705d-8b2d-d9f0fca122fd",
        "controlling_value_regex" : "true",
        "operator" : "EQUAL",
        "access" : null,
        "hidden_subfields" : null
      },
      "allow_custom_border_sides" : true,
      "type" : "border",
      "default" : {
        "right" : {
          "style" : "solid",
          "width" : {
            "value" : 1,
            "units" : "px"
          },
          "opacity" : 100,
          "color" : "#000000"
        },
        "top" : {
          "style" : "solid",
          "width" : {
            "value" : 1,
            "units" : "px"
          },
          "opacity" : 100,
          "color" : "#000000"
        },
        "bottom" : {
          "style" : "solid",
          "width" : {
            "value" : 1,
            "units" : "px"
          },
          "opacity" : 100,
          "color" : "#000000"
        },
        "left" : {
          "style" : "solid",
          "width" : {
            "value" : 1,
            "units" : "px"
          },
          "opacity" : 100,
          "color" : "#000000"
        }
      }
    } ],
    "tab" : "STYLE",
    "expanded" : false,
    "type" : "group",
    "default" : {
      "enable_border" : false,
      "border" : {
        "right" : {
          "style" : "solid",
          "width" : {
            "value" : 1,
            "units" : "px"
          },
          "opacity" : 100,
          "color" : "#000000"
        },
        "top" : {
          "style" : "solid",
          "width" : {
            "value" : 1,
            "units" : "px"
          },
          "opacity" : 100,
          "color" : "#000000"
        },
        "bottom" : {
          "style" : "solid",
          "width" : {
            "value" : 1,
            "units" : "px"
          },
          "opacity" : 100,
          "color" : "#000000"
        },
        "left" : {
          "style" : "solid",
          "width" : {
            "value" : 1,
            "units" : "px"
          },
          "opacity" : 100,
          "color" : "#000000"
        }
      }
    }
  }, {
    "id" : "66f94eac-4e67-3830-11b5-b254e186f9a6",
    "name" : "spacing",
    "display_width" : null,
    "label" : "Spacing",
    "required" : false,
    "locked" : false,
    "children" : [ {
      "id" : "styles.others.spacing",
      "name" : "spacing",
      "display_width" : null,
      "label" : "Spacing",
      "required" : false,
      "locked" : false,
      "type" : "spacing",
      "default" : {
        "padding" : {
          "top" : {
            "value" : 0,
            "units" : "rem"
          },
          "bottom" : {
            "value" : 0,
            "units" : "rem"
          },
          "left" : {
            "value" : 0,
            "units" : "rem"
          },
          "right" : {
            "value" : 0,
            "units" : "rem"
          }
        },
        "margin" : {
          "top" : {
            "value" : 0,
            "units" : "rem"
          },
          "bottom" : {
            "value" : 0,
            "units" : "rem"
          }
        }
      }
    } ],
    "tab" : "STYLE",
    "expanded" : false,
    "type" : "group",
    "default" : {
      "spacing" : {
        "padding" : {
          "top" : {
            "value" : 0,
            "units" : "rem"
          },
          "bottom" : {
            "value" : 0,
            "units" : "rem"
          },
          "left" : {
            "value" : 0,
            "units" : "rem"
          },
          "right" : {
            "value" : 0,
            "units" : "rem"
          }
        },
        "margin" : {
          "top" : {
            "value" : 0,
            "units" : "rem"
          },
          "bottom" : {
            "value" : 0,
            "units" : "rem"
          }
        }
      }
    }
  }, {
    "id" : "ed02e8c5-8158-3b9d-099e-ac765802d8e0",
    "name" : "typography",
    "display_width" : null,
    "label" : "Typography",
    "required" : false,
    "locked" : false,
    "children" : [ {
      "id" : "3e982423-e8ad-5593-a38b-07073c3b16d6",
      "name" : "text_alignment",
      "display_width" : null,
      "label" : "Text Alignment",
      "required" : false,
      "locked" : false,
      "type" : "textalignment",
      "default" : {
        "text_align" : "LEFT"
      }
    }, {
      "id" : "aa8524bf-28c5-f796-0d88-3392d8794946",
      "name" : "customize_heading_color",
      "display_width" : null,
      "label" : "Customize Heading Color",
      "required" : false,
      "locked" : false,
      "display" : "checkbox",
      "type" : "boolean",
      "default" : false
    }, {
      "id" : "615e4251-637e-1791-3a9c-1ff070a80121",
      "name" : "heading_color",
      "display_width" : null,
      "label" : "Heading Color",
      "required" : false,
      "locked" : false,
      "visibility" : {
        "controlling_field" : "aa8524bf-28c5-f796-0d88-3392d8794946",
        "controlling_value_regex" : "true",
        "operator" : "EQUAL",
        "access" : null,
        "hidden_subfields" : null
      },
      "inherited_value" : {
        "property_value_paths" : {
          "color" : "theme.colors_group.base.color"
        }
      },
      "type" : "color",
      "default" : {
        "opacity" : 100
      }
    }, {
      "id" : "ac2f33cb-f2d1-68f7-e91b-eb73454eb9ff",
      "name" : "customize_text_color",
      "display_width" : null,
      "label" : "Customize Text Color",
      "required" : false,
      "locked" : false,
      "display" : "checkbox",
      "type" : "boolean",
      "default" : false
    }, {
      "id" : "f9c51b44-24d7-8bc1-7a53-633ffa632bcb",
      "name" : "text_color",
      "display_width" : null,
      "label" : "Text Color",
      "required" : false,
      "locked" : false,
      "visibility" : {
        "controlling_field" : "ac2f33cb-f2d1-68f7-e91b-eb73454eb9ff",
        "controlling_value_regex" : "true",
        "operator" : "EQUAL",
        "access" : null,
        "hidden_subfields" : null
      },
      "inherited_value" : {
        "property_value_paths" : {
          "color" : "theme.colors_group.base.color"
        }
      },
      "type" : "color",
      "default" : {
        "opacity" : 100
      }
    } ],
    "tab" : "STYLE",
    "expanded" : false,
    "type" : "group",
    "default" : {
      "text_alignment" : {
        "text_align" : "LEFT"
      },
      "customize_heading_color" : false,
      "heading_color" : {
        "opacity" : 100
      },
      "customize_text_color" : false,
      "text_color" : {
        "opacity" : 100
      }
    }
  } ],
  "tab" : "STYLE",
  "expanded" : false,
  "type" : "group",
  "default" : {
    "background" : {
      "background_option" : "none",
      "bg_color" : {
        "color" : "#FFFFFF",
        "opacity" : 100
      },
      "bg_image" : {
        "src" : "https://example.com/img.png",
        "background_position" : "MIDDLE_CENTER",
        "background_size" : "cover"
      }
    },
    "shadow" : {
      "shadow" : false
    },
    "border" : {
      "enable_border" : false,
      "border" : {
        "right" : {
          "style" : "solid",
          "width" : {
            "value" : 1,
            "units" : "px"
          },
          "opacity" : 100,
          "color" : "#000000"
        },
        "top" : {
          "style" : "solid",
          "width" : {
            "value" : 1,
            "units" : "px"
          },
          "opacity" : 100,
          "color" : "#000000"
        },
        "bottom" : {
          "style" : "solid",
          "width" : {
            "value" : 1,
            "units" : "px"
          },
          "opacity" : 100,
          "color" : "#000000"
        },
        "left" : {
          "style" : "solid",
          "width" : {
            "value" : 1,
            "units" : "px"
          },
          "opacity" : 100,
          "color" : "#000000"
        }
      }
    },
    "spacing" : {
      "spacing" : {
        "padding" : {
          "top" : {
            "value" : 0,
            "units" : "rem"
          },
          "bottom" : {
            "value" : 0,
            "units" : "rem"
          },
          "left" : {
            "value" : 0,
            "units" : "rem"
          },
          "right" : {
            "value" : 0,
            "units" : "rem"
          }
        },
        "margin" : {
          "top" : {
            "value" : 0,
            "units" : "rem"
          },
          "bottom" : {
            "value" : 0,
            "units" : "rem"
          }
        }
      }
    },
    "typography" : {
      "text_alignment" : {
        "text_align" : "LEFT"
      },
      "customize_heading_color" : false,
      "heading_color" : {
        "opacity" : 100
      },
      "customize_text_color" : false,
      "text_color" : {
        "opacity" : 100
      }
    }
  }
}, {
  "id" : "ce9a2be1-704d-cd47-8d86-10e2325e5cab",
  "name" : "enable_animation",
  "display_width" : null,
  "label" : "Enable Animation",
  "required" : false,
  "locked" : false,
  "display" : "checkbox",
  "type" : "boolean",
  "default" : true
}, {
  "id" : "ca781208-1d07-c3a4-8775-5b7d30f3d87c",
  "name" : "animation",
  "display_width" : null,
  "label" : "Animation",
  "required" : false,
  "locked" : false,
  "visibility" : {
    "controlling_field" : "ce9a2be1-704d-cd47-8d86-10e2325e5cab",
    "controlling_value_regex" : "true",
    "operator" : "EQUAL",
    "access" : null,
    "hidden_subfields" : null
  },
  "display" : "select",
  "choices" : [ [ "fadeInLeft", "Fade In Left" ], [ "fadeInTop", "Fade In Top" ], [ "fadeInRight", "Fade In Right" ], [ "fadeInBottom", "Fade In Bottom" ] ],
  "type" : "choice",
  "default" : "fadeInBottom"
}, {
  "id" : "alignment",
  "name" : "alignment",
  "display_width" : null,
  "label" : "Alignment",
  "required" : true,
  "locked" : false,
  "display" : "select",
  "choices" : [ [ "left", "Left" ], [ "center", "Center" ], [ "right", "Right" ] ],
  "type" : "choice",
  "default" : "left"
}, {
  "id" : "text_white",
  "name" : "text_white",
  "display_width" : null,
  "label" : "Text White",
  "required" : false,
  "locked" : false,
  "display" : "checkbox",
  "type" : "boolean",
  "default" : false
}, {
  "id" : "581cdbfe-3ada-d227-cf7d-2a118ba9de69",
  "name" : "items_per_row",
  "display_width" : null,
  "label" : "Items per Row",
  "required" : false,
  "locked" : false,
  "display" : "text",
  "min" : 1,
  "max" : 4,
  "step" : 1,
  "type" : "number",
  "default" : 3
}, {
  "id" : "eb51d3d3-1d8c-c64e-dc3e-79a0945fb37e",
  "name" : "gallery_repeater",
  "display_width" : null,
  "label" : "Gallery Repeater",
  "required" : false,
  "locked" : false,
  "occurrence" : {
    "min" : null,
    "max" : null,
    "sorting_label_field" : "994cb595-313c-a3a0-48aa-15541bae21b6",
    "default" : 6
  },
  "children" : [ {
    "id" : "9b351fc5-22e4-ef4f-c070-47825e8ba358",
    "name" : "image",
    "display_width" : null,
    "label" : "Image",
    "required" : false,
    "locked" : false,
    "responsive" : true,
    "resizable" : true,
    "show_loading" : false,
    "type" : "image",
    "default" : {
      "size_type" : "auto",
      "src" : "https://cdn2.hubspot.net/hubfs/2333817/GiantFocal_Marketplace/Atomic/images/atomic-img-0{{loop.index}}.jpg",
      "width" : 500,
      "height" : 500,
      "max_width" : 500,
      "max_height" : 500
    }
  }, {
    "id" : "994cb595-313c-a3a0-48aa-15541bae21b6",
    "name" : "title",
    "display_width" : null,
    "label" : "Title",
    "required" : false,
    "locked" : false,
    "validation_regex" : "",
    "allow_new_line" : false,
    "show_emoji_picker" : false,
    "type" : "text",
    "default" : "Gallery Title"
  }, {
    "id" : "24b19171-d032-fd65-7e6d-3d1b5a2d7949",
    "name" : "description",
    "display_width" : null,
    "label" : "Description",
    "required" : false,
    "locked" : false,
    "validation_regex" : "",
    "allow_new_line" : false,
    "show_emoji_picker" : false,
    "type" : "text",
    "default" : "Facer paulo nostrud mea ut, vis eu graece fastidii scripserit. Veniam voluptaria vix at, ut nonumy ornatus dolorem pro, sea ei nominavi forensibus omittantur. "
  }, {
    "id" : "b5fef472-ed16-ffd3-96c7-d9763177373f",
    "name" : "cta_text",
    "display_width" : null,
    "label" : "CTA Text",
    "help_text" : "Leave blank to hide CTA.",
    "required" : false,
    "locked" : false,
    "validation_regex" : "",
    "allow_new_line" : false,
    "show_emoji_picker" : false,
    "type" : "text",
    "default" : "CTA Text"
  }, {
    "id" : "var_034d6246-4080-c437-3e05-a008554ecc99",
    "name" : "cta_url",
    "display_width" : null,
    "label" : "CTA URL",
    "required" : false,
    "locked" : false,
    "supported_types" : [ "EXTERNAL", "CONTENT", "FILE", "EMAIL_ADDRESS", "BLOG" ],
    "type" : "url",
    "default" : {
      "type" : "EXTERNAL",
      "href" : "https://www.giantfocal.com/",
      "content_id" : null
    }
  } ],
  "tab" : "CONTENT",
  "expanded" : false,
  "type" : "group",
  "default" : [ {
    "image" : {
      "size_type" : "auto",
      "src" : "https://cdn2.hubspot.net/hubfs/2333817/GiantFocal_Marketplace/Atomic/images/atomic-img-0{{loop.index}}.jpg",
      "width" : 500,
      "height" : 500,
      "max_width" : 500,
      "max_height" : 500
    },
    "title" : "Gallery Title",
    "description" : "Facer paulo nostrud mea ut, vis eu graece fastidii scripserit. Veniam voluptaria vix at, ut nonumy ornatus dolorem pro, sea ei nominavi forensibus omittantur. ",
    "cta_text" : "CTA Text",
    "cta_url" : {
      "type" : "EXTERNAL",
      "href" : "https://www.giantfocal.com/",
      "content_id" : null
    }
  }, {
    "image" : {
      "size_type" : "auto",
      "src" : "https://cdn2.hubspot.net/hubfs/2333817/GiantFocal_Marketplace/Atomic/images/atomic-img-0{{loop.index}}.jpg",
      "width" : 500,
      "height" : 500,
      "max_width" : 500,
      "max_height" : 500
    },
    "title" : "Gallery Title",
    "description" : "Facer paulo nostrud mea ut, vis eu graece fastidii scripserit. Veniam voluptaria vix at, ut nonumy ornatus dolorem pro, sea ei nominavi forensibus omittantur. ",
    "cta_text" : "CTA Text",
    "cta_url" : {
      "type" : "EXTERNAL",
      "href" : "https://www.giantfocal.com/",
      "content_id" : null
    }
  }, {
    "image" : {
      "size_type" : "auto",
      "src" : "https://cdn2.hubspot.net/hubfs/2333817/GiantFocal_Marketplace/Atomic/images/atomic-img-0{{loop.index}}.jpg",
      "width" : 500,
      "height" : 500,
      "max_width" : 500,
      "max_height" : 500
    },
    "title" : "Gallery Title",
    "description" : "Facer paulo nostrud mea ut, vis eu graece fastidii scripserit. Veniam voluptaria vix at, ut nonumy ornatus dolorem pro, sea ei nominavi forensibus omittantur. ",
    "cta_text" : "CTA Text",
    "cta_url" : {
      "type" : "EXTERNAL",
      "href" : "https://www.giantfocal.com/",
      "content_id" : null
    }
  }, {
    "image" : {
      "size_type" : "auto",
      "src" : "https://cdn2.hubspot.net/hubfs/2333817/GiantFocal_Marketplace/Atomic/images/atomic-img-0{{loop.index}}.jpg",
      "width" : 500,
      "height" : 500,
      "max_width" : 500,
      "max_height" : 500
    },
    "title" : "Gallery Title",
    "description" : "Facer paulo nostrud mea ut, vis eu graece fastidii scripserit. Veniam voluptaria vix at, ut nonumy ornatus dolorem pro, sea ei nominavi forensibus omittantur. ",
    "cta_text" : "CTA Text",
    "cta_url" : {
      "type" : "EXTERNAL",
      "href" : "https://www.giantfocal.com/",
      "content_id" : null
    }
  }, {
    "image" : {
      "size_type" : "auto",
      "src" : "https://cdn2.hubspot.net/hubfs/2333817/GiantFocal_Marketplace/Atomic/images/atomic-img-0{{loop.index}}.jpg",
      "width" : 500,
      "height" : 500,
      "max_width" : 500,
      "max_height" : 500
    },
    "title" : "Gallery Title",
    "description" : "Facer paulo nostrud mea ut, vis eu graece fastidii scripserit. Veniam voluptaria vix at, ut nonumy ornatus dolorem pro, sea ei nominavi forensibus omittantur. ",
    "cta_text" : "CTA Text",
    "cta_url" : {
      "type" : "EXTERNAL",
      "href" : "https://www.giantfocal.com/",
      "content_id" : null
    }
  }, {
    "image" : {
      "size_type" : "auto",
      "src" : "https://cdn2.hubspot.net/hubfs/2333817/GiantFocal_Marketplace/Atomic/images/atomic-img-0{{loop.index}}.jpg",
      "width" : 500,
      "height" : 500,
      "max_width" : 500,
      "max_height" : 500
    },
    "title" : "Gallery Title",
    "description" : "Facer paulo nostrud mea ut, vis eu graece fastidii scripserit. Veniam voluptaria vix at, ut nonumy ornatus dolorem pro, sea ei nominavi forensibus omittantur. ",
    "cta_text" : "CTA Text",
    "cta_url" : {
      "type" : "EXTERNAL",
      "href" : "https://www.giantfocal.com/",
      "content_id" : null
    }
  } ]
}, {
  "id" : "custom_id",
  "name" : "custom_id",
  "display_width" : null,
  "label" : "Custom ID",
  "required" : false,
  "locked" : false,
  "validation_regex" : "",
  "allow_new_line" : false,
  "show_emoji_picker" : false,
  "type" : "text"
}, {
  "id" : "28be9a28-27ce-8625-5fc3-2dad69270610",
  "name" : "custom_class",
  "display_width" : null,
  "label" : "Custom Class",
  "required" : false,
  "locked" : false,
  "validation_regex" : "",
  "allow_new_line" : false,
  "show_emoji_picker" : false,
  "type" : "text"
} ]