{
  "content_tags" : [ {
    "name" : "SEARCH",
    "source" : "MARKETPLACE"
  }, {
    "name" : "COMPATIBLE_BLOG",
    "source" : "MARKETPLACE"
  }, {
    "name" : "COMPATIBLE_PAGE",
    "source" : "MARKETPLACE"
  } ],
  "global" : false,
  "icon" : "https://cdn2.hubspot.net/hubfs/2333817/GiantFocal_Marketplace/Atomic/icons/search.svg",
  "host_template_types" : [ "PAGE", "BLOG_POST", "BLOG_LISTING" ],
  "module_id" : 67162219135,
  "label" : "Atomic - Site Search Input",
  "is_available_for_new_content" : false
}