[ {
  "id" : "8644ef6d-853c-e0e5-75ad-83d4ac71ce17",
  "name" : "enable_style_tab",
  "display_width" : null,
  "label" : "Enable Style Tab",
  "required" : false,
  "locked" : false,
  "display" : "checkbox",
  "type" : "boolean",
  "default" : false
}, {
  "id" : "13c9daaa-e592-ee41-79e1-6793b6645085",
  "name" : "styles",
  "display_width" : null,
  "label" : "Styles",
  "required" : false,
  "locked" : false,
  "children" : [ {
    "id" : "99dea02d-fb15-ebbc-5007-05e08b9549ae",
    "name" : "background",
    "display_width" : null,
    "label" : "Background",
    "required" : false,
    "locked" : false,
    "children" : [ {
      "id" : "26dc4aa4-cbbb-81c5-c65b-ba4d00996646",
      "name" : "background_option",
      "display_width" : null,
      "label" : "Background Option",
      "required" : true,
      "locked" : false,
      "display" : "radio",
      "choices" : [ [ "none", "None" ], [ "solid", "Solid" ], [ "image", "Image" ] ],
      "type" : "choice",
      "default" : "none"
    }, {
      "id" : "styles.others.bg_color",
      "name" : "bg_color",
      "display_width" : null,
      "label" : "Background color",
      "required" : false,
      "locked" : false,
      "visibility" : {
        "controlling_field" : "26dc4aa4-cbbb-81c5-c65b-ba4d00996646",
        "controlling_value_regex" : "solid",
        "operator" : "MATCHES_REGEX",
        "access" : null,
        "hidden_subfields" : null
      },
      "type" : "color",
      "default" : {
        "color" : "#FFFFFF",
        "opacity" : 100
      }
    }, {
      "id" : "styles.others.bg_image",
      "name" : "bg_image",
      "display_width" : null,
      "label" : "Background image",
      "required" : false,
      "locked" : false,
      "visibility" : {
        "controlling_field" : "26dc4aa4-cbbb-81c5-c65b-ba4d00996646",
        "controlling_value_regex" : "image",
        "operator" : "MATCHES_REGEX",
        "access" : null,
        "hidden_subfields" : null
      },
      "type" : "backgroundimage",
      "default" : {
        "src" : "https://example.com/img.png",
        "background_position" : "MIDDLE_CENTER",
        "background_size" : "cover"
      }
    } ],
    "tab" : "STYLE",
    "expanded" : false,
    "type" : "group",
    "default" : {
      "background_option" : "none",
      "bg_color" : {
        "color" : "#FFFFFF",
        "opacity" : 100
      },
      "bg_image" : {
        "src" : "https://example.com/img.png",
        "background_position" : "MIDDLE_CENTER",
        "background_size" : "cover"
      }
    }
  }, {
    "id" : "ff41efbb-be01-fabe-e8c2-008644dd22d3",
    "name" : "shadow",
    "display_width" : null,
    "label" : "Shadow",
    "required" : false,
    "locked" : false,
    "children" : [ {
      "id" : "e842e3bc-08b4-ec3b-850f-3f8655afac95",
      "name" : "shadow",
      "display_width" : null,
      "label" : "Shadow",
      "required" : false,
      "locked" : false,
      "display" : "checkbox",
      "type" : "boolean",
      "default" : false
    } ],
    "tab" : "STYLE",
    "expanded" : false,
    "type" : "group",
    "default" : {
      "shadow" : false
    }
  }, {
    "id" : "9081dcd2-b9c0-a401-c608-5c9a3c632ff8",
    "name" : "border",
    "display_width" : null,
    "label" : "Border",
    "required" : false,
    "locked" : false,
    "children" : [ {
      "id" : "e68586d9-881e-705d-8b2d-d9f0fca122fd",
      "name" : "enable_border",
      "display_width" : null,
      "label" : "Enable Border",
      "required" : false,
      "locked" : false,
      "display" : "checkbox",
      "type" : "boolean",
      "default" : false
    }, {
      "id" : "styles.border",
      "name" : "border",
      "display_width" : null,
      "label" : "Border",
      "required" : false,
      "locked" : false,
      "visibility" : {
        "controlling_field" : "e68586d9-881e-705d-8b2d-d9f0fca122fd",
        "controlling_value_regex" : "true",
        "operator" : "EQUAL",
        "access" : null,
        "hidden_subfields" : null
      },
      "allow_custom_border_sides" : true,
      "type" : "border",
      "default" : {
        "right" : {
          "style" : "solid",
          "width" : {
            "value" : 1,
            "units" : "px"
          },
          "opacity" : 100,
          "color" : "#000000"
        },
        "top" : {
          "style" : "solid",
          "width" : {
            "value" : 1,
            "units" : "px"
          },
          "opacity" : 100,
          "color" : "#000000"
        },
        "bottom" : {
          "style" : "solid",
          "width" : {
            "value" : 1,
            "units" : "px"
          },
          "opacity" : 100,
          "color" : "#000000"
        },
        "left" : {
          "style" : "solid",
          "width" : {
            "value" : 1,
            "units" : "px"
          },
          "opacity" : 100,
          "color" : "#000000"
        }
      }
    } ],
    "tab" : "STYLE",
    "expanded" : false,
    "type" : "group",
    "default" : {
      "enable_border" : false,
      "border" : {
        "right" : {
          "style" : "solid",
          "width" : {
            "value" : 1,
            "units" : "px"
          },
          "opacity" : 100,
          "color" : "#000000"
        },
        "top" : {
          "style" : "solid",
          "width" : {
            "value" : 1,
            "units" : "px"
          },
          "opacity" : 100,
          "color" : "#000000"
        },
        "bottom" : {
          "style" : "solid",
          "width" : {
            "value" : 1,
            "units" : "px"
          },
          "opacity" : 100,
          "color" : "#000000"
        },
        "left" : {
          "style" : "solid",
          "width" : {
            "value" : 1,
            "units" : "px"
          },
          "opacity" : 100,
          "color" : "#000000"
        }
      }
    }
  }, {
    "id" : "66f94eac-4e67-3830-11b5-b254e186f9a6",
    "name" : "spacing",
    "display_width" : null,
    "label" : "Spacing",
    "required" : false,
    "locked" : false,
    "children" : [ {
      "id" : "styles.others.spacing",
      "name" : "spacing",
      "display_width" : null,
      "label" : "Spacing",
      "required" : false,
      "locked" : false,
      "type" : "spacing",
      "default" : {
        "padding" : {
          "top" : {
            "value" : 0,
            "units" : "rem"
          },
          "bottom" : {
            "value" : 0,
            "units" : "rem"
          },
          "left" : {
            "value" : 0,
            "units" : "rem"
          },
          "right" : {
            "value" : 0,
            "units" : "rem"
          }
        },
        "margin" : {
          "top" : {
            "value" : 0,
            "units" : "rem"
          },
          "bottom" : {
            "value" : 0,
            "units" : "rem"
          }
        }
      }
    } ],
    "tab" : "STYLE",
    "expanded" : false,
    "type" : "group",
    "default" : {
      "spacing" : {
        "padding" : {
          "top" : {
            "value" : 0,
            "units" : "rem"
          },
          "bottom" : {
            "value" : 0,
            "units" : "rem"
          },
          "left" : {
            "value" : 0,
            "units" : "rem"
          },
          "right" : {
            "value" : 0,
            "units" : "rem"
          }
        },
        "margin" : {
          "top" : {
            "value" : 0,
            "units" : "rem"
          },
          "bottom" : {
            "value" : 0,
            "units" : "rem"
          }
        }
      }
    }
  }, {
    "id" : "ed02e8c5-8158-3b9d-099e-ac765802d8e0",
    "name" : "typography",
    "display_width" : null,
    "label" : "Typography",
    "required" : false,
    "locked" : false,
    "children" : [ {
      "id" : "3e982423-e8ad-5593-a38b-07073c3b16d6",
      "name" : "text_alignment",
      "display_width" : null,
      "label" : "Text Alignment",
      "required" : false,
      "locked" : false,
      "type" : "textalignment",
      "default" : {
        "text_align" : "LEFT"
      }
    }, {
      "id" : "ac2f33cb-f2d1-68f7-e91b-eb73454eb9ff",
      "name" : "customize_text_color",
      "display_width" : null,
      "label" : "Customize Text Color",
      "required" : false,
      "locked" : false,
      "display" : "checkbox",
      "type" : "boolean",
      "default" : false
    }, {
      "id" : "f9c51b44-24d7-8bc1-7a53-633ffa632bcb",
      "name" : "text_color",
      "display_width" : null,
      "label" : "Text Color",
      "required" : false,
      "locked" : false,
      "visibility" : {
        "controlling_field" : "ac2f33cb-f2d1-68f7-e91b-eb73454eb9ff",
        "controlling_value_regex" : "true",
        "operator" : "EQUAL",
        "access" : null,
        "hidden_subfields" : null
      },
      "inherited_value" : {
        "property_value_paths" : {
          "color" : "theme.colors_group.base.color"
        }
      },
      "type" : "color",
      "default" : {
        "opacity" : 100
      }
    } ],
    "tab" : "STYLE",
    "expanded" : false,
    "type" : "group",
    "default" : {
      "text_alignment" : {
        "text_align" : "LEFT"
      },
      "customize_text_color" : false,
      "text_color" : {
        "opacity" : 100
      }
    }
  } ],
  "tab" : "STYLE",
  "expanded" : false,
  "type" : "group",
  "default" : {
    "background" : {
      "background_option" : "none",
      "bg_color" : {
        "color" : "#FFFFFF",
        "opacity" : 100
      },
      "bg_image" : {
        "src" : "https://example.com/img.png",
        "background_position" : "MIDDLE_CENTER",
        "background_size" : "cover"
      }
    },
    "shadow" : {
      "shadow" : false
    },
    "border" : {
      "enable_border" : false,
      "border" : {
        "right" : {
          "style" : "solid",
          "width" : {
            "value" : 1,
            "units" : "px"
          },
          "opacity" : 100,
          "color" : "#000000"
        },
        "top" : {
          "style" : "solid",
          "width" : {
            "value" : 1,
            "units" : "px"
          },
          "opacity" : 100,
          "color" : "#000000"
        },
        "bottom" : {
          "style" : "solid",
          "width" : {
            "value" : 1,
            "units" : "px"
          },
          "opacity" : 100,
          "color" : "#000000"
        },
        "left" : {
          "style" : "solid",
          "width" : {
            "value" : 1,
            "units" : "px"
          },
          "opacity" : 100,
          "color" : "#000000"
        }
      }
    },
    "spacing" : {
      "spacing" : {
        "padding" : {
          "top" : {
            "value" : 0,
            "units" : "rem"
          },
          "bottom" : {
            "value" : 0,
            "units" : "rem"
          },
          "left" : {
            "value" : 0,
            "units" : "rem"
          },
          "right" : {
            "value" : 0,
            "units" : "rem"
          }
        },
        "margin" : {
          "top" : {
            "value" : 0,
            "units" : "rem"
          },
          "bottom" : {
            "value" : 0,
            "units" : "rem"
          }
        }
      }
    },
    "typography" : {
      "text_alignment" : {
        "text_align" : "LEFT"
      },
      "customize_text_color" : false,
      "text_color" : {
        "opacity" : 100
      }
    }
  }
}, {
  "id" : "cc403ea3-0c50-f4ee-a5e9-7b661f981bb1",
  "name" : "enable_animation",
  "display_width" : null,
  "label" : "Enable Animation",
  "required" : false,
  "locked" : false,
  "display" : "checkbox",
  "type" : "boolean",
  "default" : true
}, {
  "id" : "de851e27-24cd-48a1-85ef-f50b21682df2",
  "name" : "animation",
  "display_width" : null,
  "label" : "Animation",
  "required" : false,
  "locked" : false,
  "visibility" : {
    "controlling_field" : "cc403ea3-0c50-f4ee-a5e9-7b661f981bb1",
    "controlling_value_regex" : "true",
    "operator" : "EQUAL",
    "access" : null,
    "hidden_subfields" : null
  },
  "display" : "select",
  "choices" : [ [ "fadeInLeft", "Fade In Left" ], [ "fadeInTop", "Fade In Top" ], [ "fadeInRight", "Fade In Right" ], [ "fadeInBottom", "Fade In Bottom" ] ],
  "type" : "choice",
  "default" : "fadeInBottom"
}, {
  "id" : "aedc603e-cfe2-5f2d-217c-12c50a60a1ad",
  "name" : "layout",
  "display_width" : null,
  "label" : "Layout",
  "required" : true,
  "locked" : false,
  "display" : "select",
  "choices" : [ [ "grid", "Grid" ], [ "slider", "Slider" ] ],
  "type" : "choice",
  "default" : "grid"
}, {
  "id" : "f786201f-42c6-b038-47c0-2b4e18bb60d2",
  "name" : "items_per_row",
  "display_width" : null,
  "label" : "Items per Row",
  "required" : true,
  "locked" : false,
  "display" : "text",
  "min" : 1,
  "max" : 4,
  "step" : 1,
  "type" : "number",
  "default" : 4
}, {
  "id" : "af49a255-4a63-4777-87d0-8ae2b72a41c8",
  "name" : "text_white",
  "display_width" : null,
  "label" : "Text White",
  "required" : false,
  "locked" : false,
  "display" : "checkbox",
  "type" : "boolean",
  "default" : false
}, {
  "id" : "b913adcb-26fb-992f-56eb-e8eb81512595",
  "name" : "currency",
  "display_width" : null,
  "label" : "Currency",
  "required" : false,
  "locked" : false,
  "validation_regex" : "",
  "allow_new_line" : false,
  "show_emoji_picker" : false,
  "type" : "text",
  "default" : "$"
}, {
  "id" : "f6c2fc3a-d3e4-c785-b8be-2c368bb59539",
  "name" : "highlight_text",
  "display_width" : null,
  "label" : "Highlight Text",
  "required" : false,
  "locked" : false,
  "validation_regex" : "",
  "allow_new_line" : false,
  "show_emoji_picker" : false,
  "type" : "text",
  "default" : "Popular"
}, {
  "id" : "e5abd6f6-fedc-cedb-69d1-0d18604a6590",
  "name" : "button_text",
  "display_width" : null,
  "label" : "Button Text",
  "required" : false,
  "locked" : false,
  "validation_regex" : "",
  "allow_new_line" : false,
  "show_emoji_picker" : false,
  "type" : "text",
  "default" : "Purchase Now"
}, {
  "id" : "00cd2b59-7061-a949-7d8a-a48083927f4c",
  "name" : "repeater",
  "display_width" : null,
  "label" : "Repeater",
  "required" : false,
  "locked" : false,
  "occurrence" : {
    "min" : null,
    "max" : null,
    "sorting_label_field" : "07562b6d-33c4-4727-cb17-1709e864cbac",
    "default" : 6
  },
  "children" : [ {
    "id" : "1dcb10fd-ee8f-14b1-345c-c822b2ea22d8",
    "name" : "highlight",
    "display_width" : null,
    "label" : "Highlight",
    "required" : false,
    "locked" : false,
    "display" : "checkbox",
    "type" : "boolean",
    "default" : false
  }, {
    "id" : "dd8fc0c6-9205-7d27-19f6-99db4b1f56bd",
    "name" : "image",
    "display_width" : null,
    "label" : "Image",
    "required" : false,
    "locked" : false,
    "responsive" : true,
    "resizable" : false,
    "show_loading" : false,
    "type" : "image",
    "default" : {
      "size_type" : "auto",
      "src" : "https://cdn2.hubspot.net/hubfs/2333817/GiantFocal_Marketplace/Atomic/images/pl-02.jpg",
      "alt" : "pl-02",
      "width" : 600,
      "height" : 800,
      "max_width" : 600,
      "max_height" : 800
    }
  }, {
    "id" : "07562b6d-33c4-4727-cb17-1709e864cbac",
    "name" : "product_name",
    "display_width" : null,
    "label" : "Product Name",
    "required" : false,
    "locked" : false,
    "validation_regex" : "",
    "allow_new_line" : false,
    "show_emoji_picker" : false,
    "type" : "text",
    "default" : "Product Name"
  }, {
    "id" : "669f9ede-26ab-3146-181d-80c56c0c39d1",
    "name" : "detail",
    "display_width" : null,
    "label" : "Detail",
    "required" : false,
    "locked" : false,
    "validation_regex" : "",
    "allow_new_line" : false,
    "show_emoji_picker" : false,
    "type" : "text",
    "default" : "Detail Text"
  }, {
    "id" : "3616626b-7750-5045-e27e-f8ad01b82667",
    "name" : "price",
    "display_width" : null,
    "label" : "Price",
    "required" : false,
    "locked" : false,
    "validation_regex" : "",
    "allow_new_line" : false,
    "show_emoji_picker" : false,
    "type" : "text",
    "default" : "1,000"
  }, {
    "id" : "84e5194b-a839-ec14-4920-93209f578c50",
    "name" : "description_text",
    "display_width" : null,
    "label" : "Description Text",
    "required" : false,
    "locked" : false,
    "type" : "richtext",
    "default" : "<p><span>Lorem ipsum dolor sit amet, consectetur adipiscing elit. Phasellus eget nisi bibendum, gravida justo quis, dictum dolor. Vivamus volutpat mollis commodo. Donec odio tortor, maximus suscipit bibendum sed, imperdiet at ante. Suspendisse faucibus nec mauris at fringilla.</span></p>"
  }, {
    "id" : "3107d37e-da38-6953-d4b5-658dcb05836f",
    "name" : "url",
    "display_width" : null,
    "label" : "URL",
    "required" : false,
    "locked" : false,
    "supported_types" : [ "EXTERNAL", "CONTENT", "FILE", "EMAIL_ADDRESS", "BLOG" ],
    "type" : "url",
    "default" : {
      "type" : "EXTERNAL",
      "href" : "https://www.giantfocal.com",
      "content_id" : null
    }
  } ],
  "tab" : "CONTENT",
  "expanded" : false,
  "type" : "group",
  "default" : [ {
    "highlight" : false,
    "image" : {
      "size_type" : "auto",
      "src" : "https://cdn2.hubspot.net/hubfs/2333817/GiantFocal_Marketplace/Atomic/images/pl-02.jpg",
      "alt" : "pl-02",
      "width" : 600,
      "height" : 800,
      "max_width" : 600,
      "max_height" : 800
    },
    "product_name" : "Product Name",
    "detail" : "Detail Text",
    "price" : "1,000",
    "description_text" : "<p><span>Lorem ipsum dolor sit amet, consectetur adipiscing elit. Phasellus eget nisi bibendum, gravida justo quis, dictum dolor. Vivamus volutpat mollis commodo. Donec odio tortor, maximus suscipit bibendum sed, imperdiet at ante. Suspendisse faucibus nec mauris at fringilla.</span></p>",
    "url" : {
      "type" : "EXTERNAL",
      "href" : "https://www.giantfocal.com",
      "content_id" : null
    }
  }, {
    "highlight" : false,
    "image" : {
      "size_type" : "auto",
      "src" : "https://cdn2.hubspot.net/hubfs/2333817/GiantFocal_Marketplace/Atomic/images/pl-02.jpg",
      "alt" : "pl-02",
      "width" : 600,
      "height" : 800,
      "max_width" : 600,
      "max_height" : 800
    },
    "product_name" : "Product Name",
    "detail" : "Detail Text",
    "price" : "1,000",
    "description_text" : "<p><span>Lorem ipsum dolor sit amet, consectetur adipiscing elit. Phasellus eget nisi bibendum, gravida justo quis, dictum dolor. Vivamus volutpat mollis commodo. Donec odio tortor, maximus suscipit bibendum sed, imperdiet at ante. Suspendisse faucibus nec mauris at fringilla.</span></p>",
    "url" : {
      "type" : "EXTERNAL",
      "href" : "https://www.giantfocal.com",
      "content_id" : null
    }
  }, {
    "highlight" : false,
    "image" : {
      "size_type" : "auto",
      "src" : "https://cdn2.hubspot.net/hubfs/2333817/GiantFocal_Marketplace/Atomic/images/pl-02.jpg",
      "alt" : "pl-02",
      "width" : 600,
      "height" : 800,
      "max_width" : 600,
      "max_height" : 800
    },
    "product_name" : "Product Name",
    "detail" : "Detail Text",
    "price" : "1,000",
    "description_text" : "<p><span>Lorem ipsum dolor sit amet, consectetur adipiscing elit. Phasellus eget nisi bibendum, gravida justo quis, dictum dolor. Vivamus volutpat mollis commodo. Donec odio tortor, maximus suscipit bibendum sed, imperdiet at ante. Suspendisse faucibus nec mauris at fringilla.</span></p>",
    "url" : {
      "type" : "EXTERNAL",
      "href" : "https://www.giantfocal.com",
      "content_id" : null
    }
  }, {
    "highlight" : false,
    "image" : {
      "size_type" : "auto",
      "src" : "https://cdn2.hubspot.net/hubfs/2333817/GiantFocal_Marketplace/Atomic/images/pl-02.jpg",
      "alt" : "pl-02",
      "width" : 600,
      "height" : 800,
      "max_width" : 600,
      "max_height" : 800
    },
    "product_name" : "Product Name",
    "detail" : "Detail Text",
    "price" : "1,000",
    "description_text" : "<p><span>Lorem ipsum dolor sit amet, consectetur adipiscing elit. Phasellus eget nisi bibendum, gravida justo quis, dictum dolor. Vivamus volutpat mollis commodo. Donec odio tortor, maximus suscipit bibendum sed, imperdiet at ante. Suspendisse faucibus nec mauris at fringilla.</span></p>",
    "url" : {
      "type" : "EXTERNAL",
      "href" : "https://www.giantfocal.com",
      "content_id" : null
    }
  }, {
    "highlight" : false,
    "image" : {
      "size_type" : "auto",
      "src" : "https://cdn2.hubspot.net/hubfs/2333817/GiantFocal_Marketplace/Atomic/images/pl-02.jpg",
      "alt" : "pl-02",
      "width" : 600,
      "height" : 800,
      "max_width" : 600,
      "max_height" : 800
    },
    "product_name" : "Product Name",
    "detail" : "Detail Text",
    "price" : "1,000",
    "description_text" : "<p><span>Lorem ipsum dolor sit amet, consectetur adipiscing elit. Phasellus eget nisi bibendum, gravida justo quis, dictum dolor. Vivamus volutpat mollis commodo. Donec odio tortor, maximus suscipit bibendum sed, imperdiet at ante. Suspendisse faucibus nec mauris at fringilla.</span></p>",
    "url" : {
      "type" : "EXTERNAL",
      "href" : "https://www.giantfocal.com",
      "content_id" : null
    }
  }, {
    "highlight" : false,
    "image" : {
      "size_type" : "auto",
      "src" : "https://cdn2.hubspot.net/hubfs/2333817/GiantFocal_Marketplace/Atomic/images/pl-02.jpg",
      "alt" : "pl-02",
      "width" : 600,
      "height" : 800,
      "max_width" : 600,
      "max_height" : 800
    },
    "product_name" : "Product Name",
    "detail" : "Detail Text",
    "price" : "1,000",
    "description_text" : "<p><span>Lorem ipsum dolor sit amet, consectetur adipiscing elit. Phasellus eget nisi bibendum, gravida justo quis, dictum dolor. Vivamus volutpat mollis commodo. Donec odio tortor, maximus suscipit bibendum sed, imperdiet at ante. Suspendisse faucibus nec mauris at fringilla.</span></p>",
    "url" : {
      "type" : "EXTERNAL",
      "href" : "https://www.giantfocal.com",
      "content_id" : null
    }
  } ]
}, {
  "id" : "96630a3a-eda4-0832-57a6-a0172d4998c6",
  "name" : "slider_settings",
  "display_width" : null,
  "label" : "Slider Settings",
  "required" : false,
  "locked" : false,
  "visibility" : {
    "controlling_field" : "aedc603e-cfe2-5f2d-217c-12c50a60a1ad",
    "controlling_value_regex" : "slider",
    "operator" : "EQUAL",
    "access" : null,
    "hidden_subfields" : null
  },
  "children" : [ {
    "id" : "fd483ca9-acba-24ed-7c4e-16aac9ba026d",
    "name" : "infinite",
    "display_width" : null,
    "label" : "Infinite",
    "required" : false,
    "locked" : false,
    "display" : "checkbox",
    "type" : "boolean",
    "default" : true
  }, {
    "id" : "75ea145c-3aa1-8d18-08f2-25bff0e62547",
    "name" : "autoplay",
    "display_width" : null,
    "label" : "Autoplay",
    "required" : false,
    "locked" : false,
    "display" : "checkbox",
    "type" : "boolean",
    "default" : true
  }, {
    "id" : "980b5a2a-bb11-bc8c-0194-0d7501e057d9",
    "name" : "autoplay_speed",
    "display_width" : null,
    "label" : "Autoplay Speed",
    "required" : false,
    "locked" : false,
    "display" : "text",
    "min" : 100,
    "max" : 15000,
    "step" : 100,
    "type" : "number",
    "default" : 5000
  }, {
    "id" : "b51845ad-60da-e5b8-040d-fea335ab3916",
    "name" : "dots",
    "display_width" : null,
    "label" : "Dots",
    "required" : false,
    "locked" : false,
    "display" : "checkbox",
    "type" : "boolean",
    "default" : true
  }, {
    "id" : "6d3018de-be26-a93f-adb0-6762e075d9b6",
    "name" : "arrows",
    "display_width" : null,
    "label" : "Arrows",
    "required" : false,
    "locked" : false,
    "display" : "checkbox",
    "type" : "boolean",
    "default" : true
  } ],
  "tab" : "CONTENT",
  "expanded" : false,
  "type" : "group",
  "default" : {
    "infinite" : true,
    "autoplay" : true,
    "autoplay_speed" : 5000,
    "dots" : true,
    "arrows" : true
  }
}, {
  "id" : "custom_id",
  "name" : "custom_id",
  "display_width" : null,
  "label" : "Custom ID",
  "required" : false,
  "locked" : false,
  "validation_regex" : "",
  "allow_new_line" : false,
  "show_emoji_picker" : false,
  "type" : "text"
}, {
  "id" : "custom_class",
  "name" : "custom_class",
  "display_width" : null,
  "label" : "Custom Class",
  "required" : false,
  "locked" : false,
  "validation_regex" : "",
  "allow_new_line" : false,
  "show_emoji_picker" : false,
  "type" : "text"
} ]