[ {
  "id" : "8644ef6d-853c-e0e5-75ad-83d4ac71ce17",
  "name" : "enable_style_tab",
  "display_width" : null,
  "label" : "Enable Style Tab",
  "required" : false,
  "locked" : false,
  "display" : "checkbox",
  "type" : "boolean",
  "default" : false
}, {
  "id" : "13c9daaa-e592-ee41-79e1-6793b6645085",
  "name" : "styles",
  "display_width" : null,
  "label" : "Styles",
  "required" : false,
  "locked" : false,
  "children" : [ {
    "id" : "99dea02d-fb15-ebbc-5007-05e08b9549ae",
    "name" : "background",
    "display_width" : null,
    "label" : "Background",
    "required" : false,
    "locked" : false,
    "children" : [ {
      "id" : "26dc4aa4-cbbb-81c5-c65b-ba4d00996646",
      "name" : "background_option",
      "display_width" : null,
      "label" : "Background Option",
      "required" : true,
      "locked" : false,
      "display" : "radio",
      "choices" : [ [ "none", "None" ], [ "solid", "Solid" ], [ "image", "Image" ] ],
      "type" : "choice",
      "default" : "none"
    }, {
      "id" : "styles.others.bg_color",
      "name" : "bg_color",
      "display_width" : null,
      "label" : "Background color",
      "required" : false,
      "locked" : false,
      "visibility" : {
        "controlling_field" : "26dc4aa4-cbbb-81c5-c65b-ba4d00996646",
        "controlling_value_regex" : "solid",
        "operator" : "MATCHES_REGEX",
        "access" : null,
        "hidden_subfields" : null
      },
      "type" : "color",
      "default" : {
        "color" : "#FFFFFF",
        "opacity" : 100
      }
    }, {
      "id" : "styles.others.bg_image",
      "name" : "bg_image",
      "display_width" : null,
      "label" : "Background image",
      "required" : false,
      "locked" : false,
      "visibility" : {
        "controlling_field" : "26dc4aa4-cbbb-81c5-c65b-ba4d00996646",
        "controlling_value_regex" : "image",
        "operator" : "MATCHES_REGEX",
        "access" : null,
        "hidden_subfields" : null
      },
      "type" : "backgroundimage",
      "default" : {
        "src" : "https://example.com/img.png",
        "background_position" : "MIDDLE_CENTER",
        "background_size" : "cover"
      }
    } ],
    "tab" : "STYLE",
    "expanded" : false,
    "type" : "group",
    "default" : {
      "background_option" : "none",
      "bg_color" : {
        "color" : "#FFFFFF",
        "opacity" : 100
      },
      "bg_image" : {
        "src" : "https://example.com/img.png",
        "background_position" : "MIDDLE_CENTER",
        "background_size" : "cover"
      }
    }
  }, {
    "id" : "ff41efbb-be01-fabe-e8c2-008644dd22d3",
    "name" : "shadow",
    "display_width" : null,
    "label" : "Shadow",
    "required" : false,
    "locked" : false,
    "children" : [ {
      "id" : "e842e3bc-08b4-ec3b-850f-3f8655afac95",
      "name" : "shadow",
      "display_width" : null,
      "label" : "Shadow",
      "required" : false,
      "locked" : false,
      "display" : "checkbox",
      "type" : "boolean",
      "default" : false
    } ],
    "tab" : "STYLE",
    "expanded" : false,
    "type" : "group",
    "default" : {
      "shadow" : false
    }
  }, {
    "id" : "9081dcd2-b9c0-a401-c608-5c9a3c632ff8",
    "name" : "border",
    "display_width" : null,
    "label" : "Border",
    "required" : false,
    "locked" : false,
    "children" : [ {
      "id" : "e68586d9-881e-705d-8b2d-d9f0fca122fd",
      "name" : "enable_border",
      "display_width" : null,
      "label" : "Enable Border",
      "required" : false,
      "locked" : false,
      "display" : "checkbox",
      "type" : "boolean",
      "default" : false
    }, {
      "id" : "styles.border",
      "name" : "border",
      "display_width" : null,
      "label" : "Border",
      "required" : false,
      "locked" : false,
      "visibility" : {
        "controlling_field" : "e68586d9-881e-705d-8b2d-d9f0fca122fd",
        "controlling_value_regex" : "true",
        "operator" : "EQUAL",
        "access" : null,
        "hidden_subfields" : null
      },
      "allow_custom_border_sides" : true,
      "type" : "border",
      "default" : {
        "right" : {
          "style" : "solid",
          "width" : {
            "value" : 1,
            "units" : "px"
          },
          "opacity" : 100,
          "color" : "#000000"
        },
        "top" : {
          "style" : "solid",
          "width" : {
            "value" : 1,
            "units" : "px"
          },
          "opacity" : 100,
          "color" : "#000000"
        },
        "bottom" : {
          "style" : "solid",
          "width" : {
            "value" : 1,
            "units" : "px"
          },
          "opacity" : 100,
          "color" : "#000000"
        },
        "left" : {
          "style" : "solid",
          "width" : {
            "value" : 1,
            "units" : "px"
          },
          "opacity" : 100,
          "color" : "#000000"
        }
      }
    } ],
    "tab" : "STYLE",
    "expanded" : false,
    "type" : "group",
    "default" : {
      "enable_border" : false,
      "border" : {
        "right" : {
          "style" : "solid",
          "width" : {
            "value" : 1,
            "units" : "px"
          },
          "opacity" : 100,
          "color" : "#000000"
        },
        "top" : {
          "style" : "solid",
          "width" : {
            "value" : 1,
            "units" : "px"
          },
          "opacity" : 100,
          "color" : "#000000"
        },
        "bottom" : {
          "style" : "solid",
          "width" : {
            "value" : 1,
            "units" : "px"
          },
          "opacity" : 100,
          "color" : "#000000"
        },
        "left" : {
          "style" : "solid",
          "width" : {
            "value" : 1,
            "units" : "px"
          },
          "opacity" : 100,
          "color" : "#000000"
        }
      }
    }
  }, {
    "id" : "66f94eac-4e67-3830-11b5-b254e186f9a6",
    "name" : "spacing",
    "display_width" : null,
    "label" : "Spacing",
    "required" : false,
    "locked" : false,
    "children" : [ {
      "id" : "styles.others.spacing",
      "name" : "spacing",
      "display_width" : null,
      "label" : "Spacing",
      "required" : false,
      "locked" : false,
      "type" : "spacing",
      "default" : {
        "padding" : {
          "top" : {
            "value" : 0,
            "units" : "rem"
          },
          "bottom" : {
            "value" : 0,
            "units" : "rem"
          },
          "left" : {
            "value" : 0,
            "units" : "rem"
          },
          "right" : {
            "value" : 0,
            "units" : "rem"
          }
        },
        "margin" : {
          "top" : {
            "value" : 0,
            "units" : "rem"
          },
          "bottom" : {
            "value" : 0,
            "units" : "rem"
          }
        }
      }
    } ],
    "tab" : "STYLE",
    "expanded" : false,
    "type" : "group",
    "default" : {
      "spacing" : {
        "padding" : {
          "top" : {
            "value" : 0,
            "units" : "rem"
          },
          "bottom" : {
            "value" : 0,
            "units" : "rem"
          },
          "left" : {
            "value" : 0,
            "units" : "rem"
          },
          "right" : {
            "value" : 0,
            "units" : "rem"
          }
        },
        "margin" : {
          "top" : {
            "value" : 0,
            "units" : "rem"
          },
          "bottom" : {
            "value" : 0,
            "units" : "rem"
          }
        }
      }
    }
  }, {
    "id" : "ed02e8c5-8158-3b9d-099e-ac765802d8e0",
    "name" : "typography",
    "display_width" : null,
    "label" : "Typography",
    "required" : false,
    "locked" : false,
    "children" : [ {
      "id" : "3e982423-e8ad-5593-a38b-07073c3b16d6",
      "name" : "text_alignment",
      "display_width" : null,
      "label" : "Text Alignment",
      "required" : false,
      "locked" : false,
      "type" : "textalignment",
      "default" : {
        "text_align" : "LEFT"
      }
    }, {
      "id" : "aa8524bf-28c5-f796-0d88-3392d8794946",
      "name" : "customize_heading_color",
      "display_width" : null,
      "label" : "Customize Heading Color",
      "required" : false,
      "locked" : false,
      "display" : "checkbox",
      "type" : "boolean",
      "default" : false
    }, {
      "id" : "615e4251-637e-1791-3a9c-1ff070a80121",
      "name" : "heading_color",
      "display_width" : null,
      "label" : "Heading Color",
      "required" : false,
      "locked" : false,
      "visibility" : {
        "controlling_field" : "aa8524bf-28c5-f796-0d88-3392d8794946",
        "controlling_value_regex" : "true",
        "operator" : "EQUAL",
        "access" : null,
        "hidden_subfields" : null
      },
      "inherited_value" : {
        "property_value_paths" : {
          "color" : "theme.colors_group.base.color"
        }
      },
      "type" : "color",
      "default" : {
        "opacity" : 100
      }
    }, {
      "id" : "ac2f33cb-f2d1-68f7-e91b-eb73454eb9ff",
      "name" : "customize_text_color",
      "display_width" : null,
      "label" : "Customize Text Color",
      "required" : false,
      "locked" : false,
      "display" : "checkbox",
      "type" : "boolean",
      "default" : false
    }, {
      "id" : "f9c51b44-24d7-8bc1-7a53-633ffa632bcb",
      "name" : "text_color",
      "display_width" : null,
      "label" : "Text Color",
      "required" : false,
      "locked" : false,
      "visibility" : {
        "controlling_field" : "ac2f33cb-f2d1-68f7-e91b-eb73454eb9ff",
        "controlling_value_regex" : "true",
        "operator" : "EQUAL",
        "access" : null,
        "hidden_subfields" : null
      },
      "inherited_value" : {
        "property_value_paths" : {
          "color" : "theme.colors_group.base.color"
        }
      },
      "type" : "color",
      "default" : {
        "opacity" : 100
      }
    } ],
    "tab" : "STYLE",
    "expanded" : false,
    "type" : "group",
    "default" : {
      "text_alignment" : {
        "text_align" : "LEFT"
      },
      "customize_heading_color" : false,
      "heading_color" : {
        "opacity" : 100
      },
      "customize_text_color" : false,
      "text_color" : {
        "opacity" : 100
      }
    }
  } ],
  "tab" : "STYLE",
  "expanded" : false,
  "type" : "group",
  "default" : {
    "background" : {
      "background_option" : "none",
      "bg_color" : {
        "color" : "#FFFFFF",
        "opacity" : 100
      },
      "bg_image" : {
        "src" : "https://example.com/img.png",
        "background_position" : "MIDDLE_CENTER",
        "background_size" : "cover"
      }
    },
    "shadow" : {
      "shadow" : false
    },
    "border" : {
      "enable_border" : false,
      "border" : {
        "right" : {
          "style" : "solid",
          "width" : {
            "value" : 1,
            "units" : "px"
          },
          "opacity" : 100,
          "color" : "#000000"
        },
        "top" : {
          "style" : "solid",
          "width" : {
            "value" : 1,
            "units" : "px"
          },
          "opacity" : 100,
          "color" : "#000000"
        },
        "bottom" : {
          "style" : "solid",
          "width" : {
            "value" : 1,
            "units" : "px"
          },
          "opacity" : 100,
          "color" : "#000000"
        },
        "left" : {
          "style" : "solid",
          "width" : {
            "value" : 1,
            "units" : "px"
          },
          "opacity" : 100,
          "color" : "#000000"
        }
      }
    },
    "spacing" : {
      "spacing" : {
        "padding" : {
          "top" : {
            "value" : 0,
            "units" : "rem"
          },
          "bottom" : {
            "value" : 0,
            "units" : "rem"
          },
          "left" : {
            "value" : 0,
            "units" : "rem"
          },
          "right" : {
            "value" : 0,
            "units" : "rem"
          }
        },
        "margin" : {
          "top" : {
            "value" : 0,
            "units" : "rem"
          },
          "bottom" : {
            "value" : 0,
            "units" : "rem"
          }
        }
      }
    },
    "typography" : {
      "text_alignment" : {
        "text_align" : "LEFT"
      },
      "customize_heading_color" : false,
      "heading_color" : {
        "opacity" : 100
      },
      "customize_text_color" : false,
      "text_color" : {
        "opacity" : 100
      }
    }
  }
}, {
  "id" : "3e612451-05c0-5827-3530-6ab6b64cd9af",
  "name" : "enable_animation",
  "display_width" : null,
  "label" : "Enable Animation",
  "required" : false,
  "locked" : false,
  "display" : "checkbox",
  "type" : "boolean",
  "default" : true
}, {
  "id" : "f46a0597-2cfc-0123-b6d9-8aadc9ea06c5",
  "name" : "animation",
  "display_width" : null,
  "label" : "Animation",
  "required" : false,
  "locked" : false,
  "visibility" : {
    "controlling_field" : "3e612451-05c0-5827-3530-6ab6b64cd9af",
    "controlling_value_regex" : "true",
    "operator" : "EQUAL",
    "access" : null,
    "hidden_subfields" : null
  },
  "display" : "select",
  "choices" : [ [ "fadeInLeft", "Fade In Left" ], [ "fadeInTop", "Fade In Top" ], [ "fadeInRight", "Fade In Right" ], [ "fadeInBottom", "Fade In Bottom" ] ],
  "type" : "choice",
  "default" : "fadeInBottom"
}, {
  "id" : "alignment",
  "name" : "alignment",
  "display_width" : null,
  "label" : "Alignment",
  "required" : true,
  "locked" : false,
  "display" : "select",
  "choices" : [ [ "left", "Left" ], [ "center", "Center" ], [ "right", "Right" ] ],
  "type" : "choice",
  "default" : "left"
}, {
  "id" : "text_white",
  "name" : "text_white",
  "display_width" : null,
  "label" : "Text White",
  "required" : false,
  "locked" : false,
  "display" : "checkbox",
  "type" : "boolean",
  "default" : false
}, {
  "id" : "38c08ef6-eb5d-b32a-f2f6-6726b7825033",
  "name" : "heading",
  "display_width" : null,
  "label" : "Heading",
  "required" : false,
  "locked" : false,
  "validation_regex" : "",
  "allow_new_line" : false,
  "show_emoji_picker" : false,
  "type" : "text",
  "default" : "Atomic Offer"
}, {
  "id" : "843a6a5b-e7f6-0f5c-bb8f-0ec7b7217846",
  "name" : "content",
  "display_width" : null,
  "label" : "Content",
  "required" : false,
  "locked" : false,
  "type" : "richtext",
  "default" : "<p>Nullam pretium sapien commodo ipsum pulvinar, ut cursus nulla pellentesque.</p>"
}, {
  "id" : "5a7a8507-4b7e-6925-d356-12690ec7a2dd",
  "name" : "cta",
  "display_width" : null,
  "label" : "CTA",
  "required" : false,
  "locked" : false,
  "type" : "cta",
  "default" : "9898dfb2-f2d5-40dd-ad0c-14960436fe8a"
}, {
  "id" : "custom_id",
  "name" : "custom_id",
  "display_width" : null,
  "label" : "Custom ID",
  "required" : false,
  "locked" : false,
  "validation_regex" : "",
  "allow_new_line" : false,
  "show_emoji_picker" : false,
  "type" : "text"
}, {
  "id" : "custom_class",
  "name" : "custom_class",
  "display_width" : null,
  "label" : "Custom Class",
  "required" : false,
  "locked" : false,
  "validation_regex" : "",
  "allow_new_line" : false,
  "show_emoji_picker" : false,
  "type" : "text"
} ]